-- phpMyAdmin SQL Dump
-- version 4.7.7
-- https://www.phpmyadmin.net/
--
-- Host: localhost:3306
-- Generation Time: Jul 30, 2018 at 01:58 PM
-- Server version: 10.2.12-MariaDB
-- PHP Version: 7.0.26

SET SQL_MODE = "NO_AUTO_VALUE_ON_ZERO";
SET AUTOCOMMIT = 0;
START TRANSACTION;
SET time_zone = "+00:00";


/*!40101 SET @OLD_CHARACTER_SET_CLIENT=@@CHARACTER_SET_CLIENT */;
/*!40101 SET @OLD_CHARACTER_SET_RESULTS=@@CHARACTER_SET_RESULTS */;
/*!40101 SET @OLD_COLLATION_CONNECTION=@@COLLATION_CONNECTION */;
/*!40101 SET NAMES utf8mb4 */;

--
-- Database: `id6375566_ctgpharmabd`
--

-- --------------------------------------------------------

--
-- Table structure for table `branches`
--

CREATE TABLE `branches` (
  `id` int(10) UNSIGNED NOT NULL,
  `branch_name` varchar(150) COLLATE utf8mb4_unicode_ci NOT NULL,
  `contact_number` varchar(255) COLLATE utf8mb4_unicode_ci NOT NULL,
  `address` varchar(255) COLLATE utf8mb4_unicode_ci NOT NULL,
  `created_at` timestamp NULL DEFAULT NULL,
  `updated_at` timestamp NULL DEFAULT NULL
) ENGINE=InnoDB DEFAULT CHARSET=utf8mb4 COLLATE=utf8mb4_unicode_ci;

--
-- Dumping data for table `branches`
--

INSERT INTO `branches` (`id`, `branch_name`, `contact_number`, `address`, `created_at`, `updated_at`) VALUES
(1, 'Ecommerce', '01521225987', '<p>Panwala para boro masjid, North Agrabad, Chittagong.</p>', '2018-01-21 07:34:05', '2018-01-21 07:34:05'),
(2, 'Agrabad', '01680950265', '<p>Agrabad, Ctg.</p>', '2018-01-21 07:34:34', '2018-01-21 07:34:34'),
(3, 'Chawkbazar', '01522356988', '<p>Chawkbazar, Ctg.</p>', '2018-01-21 07:34:56', '2018-01-21 07:34:56'),
(4, 'GEC', '01621356499', '<p>GEC Circle, Ctg.</p>', '2018-01-21 07:35:24', '2018-01-21 07:35:24'),
(5, 'Chowmuhuni', '01521225987', '<p>Agrabad, Chowmuhuni, Ctg.</p>', '2018-07-18 08:05:46', '2018-07-18 08:05:46');

-- --------------------------------------------------------

--
-- Table structure for table `branch_products`
--

CREATE TABLE `branch_products` (
  `id` int(10) UNSIGNED NOT NULL,
  `product_name` varchar(150) COLLATE utf8mb4_unicode_ci NOT NULL,
  `supplier_id` int(10) UNSIGNED NOT NULL,
  `carton_qty` float DEFAULT NULL,
  `box_qty` float DEFAULT NULL,
  `strip_qty` float NOT NULL,
  `piece_qty` float NOT NULL,
  `purchase_rate` double(8,2) NOT NULL,
  `sale_rate` double(8,2) NOT NULL,
  `carton_sales_rate` double(8,2) DEFAULT NULL,
  `box_sales_rate` double(8,2) DEFAULT NULL,
  `strip_sales_rate` double(8,2) DEFAULT NULL,
  `piece_sales_rate` double(8,2) NOT NULL,
  `weight` varchar(255) COLLATE utf8mb4_unicode_ci DEFAULT NULL,
  `manufacturing_date` date NOT NULL,
  `expiry_date` date NOT NULL,
  `rack_number` varchar(255) COLLATE utf8mb4_unicode_ci NOT NULL,
  `reorder_level` varchar(255) COLLATE utf8mb4_unicode_ci NOT NULL,
  `created_by` varchar(255) COLLATE utf8mb4_unicode_ci NOT NULL,
  `created_at` timestamp NULL DEFAULT NULL,
  `updated_at` timestamp NULL DEFAULT NULL
) ENGINE=InnoDB DEFAULT CHARSET=utf8mb4 COLLATE=utf8mb4_unicode_ci;

--
-- Dumping data for table `branch_products`
--

INSERT INTO `branch_products` (`id`, `product_name`, `supplier_id`, `carton_qty`, `box_qty`, `strip_qty`, `piece_qty`, `purchase_rate`, `sale_rate`, `carton_sales_rate`, `box_sales_rate`, `strip_sales_rate`, `piece_sales_rate`, `weight`, `manufacturing_date`, `expiry_date`, `rack_number`, `reorder_level`, `created_by`, `created_at`, `updated_at`) VALUES
(1, 'A-MYCIN LOTION', 6, 0, 0, 0, 53, 150.00, 180.00, 0.00, 0.00, 0.00, 180.00, '100ml', '2018-07-03', '2020-07-03', 'Rack 1', '5', 'Mohammad Arman', '2018-07-03 11:13:15', '2018-07-03 16:13:37'),
(2, 'Cod Liver Oil Capsule', 3, 0, 8, 80, 800, 2.20, 2.40, 0.00, 240.00, 24.00, 2.40, '200mg', '2018-07-04', '2020-07-04', 'Rack 1', '50', 'Mohammad Arman', '2018-07-03 16:03:30', '2018-07-03 16:09:32'),
(3, 'Caldil 500 mg', 2, 0, 4, 10, 100, 3.80, 4.00, 0.00, 400.00, 40.00, 4.00, '500mg', '2018-07-04', '2020-07-04', 'Rack 1', '50', 'Mohammad Arman', '2018-07-03 18:15:47', '2018-07-03 18:24:44'),
(4, 'Fimoxyl 500mg', 2, 0, 2, 10, 100, 6.40, 6.78, 0.00, 339.00, 67.80, 6.78, '500mg', '2018-07-04', '2020-07-04', 'Rack 3', '50', 'Mohammad Arman', '2018-07-03 18:17:02', '2018-07-16 11:29:13'),
(5, 'ORSaline-N (SMC)', 6, 0, 0, 0, 0, 4.50, 5.00, 250.00, 50.00, 0.00, 5.00, 'none', '2018-07-04', '2020-07-04', 'Rack 1', '10', 'Mohammad Arman', '2018-07-03 18:18:24', '2018-07-16 11:27:53'),
(6, 'Fevnil syrup', 2, 0, 0, 0, 5, 65.00, 70.00, 0.00, 0.00, 0.00, 70.00, '100ml', '2018-07-04', '2020-07-04', 'Rack 3', '5', 'Mohammad Arman', '2018-07-03 18:19:24', '2018-07-03 18:20:08');

-- --------------------------------------------------------

--
-- Table structure for table `branch_product_distributions`
--

CREATE TABLE `branch_product_distributions` (
  `id` int(10) UNSIGNED NOT NULL,
  `branch_id` int(10) UNSIGNED NOT NULL,
  `product_id` int(11) NOT NULL,
  `product_name` varchar(150) COLLATE utf8mb4_unicode_ci NOT NULL,
  `carton_qty` float DEFAULT NULL,
  `box_qty` float DEFAULT NULL,
  `strip_qty` float DEFAULT NULL,
  `piece_qty` float NOT NULL,
  `purchase_rate` double(8,2) NOT NULL,
  `sale_rate` double(8,2) NOT NULL,
  `carton_sales_rate` double(8,2) DEFAULT NULL,
  `box_sales_rate` double(8,2) DEFAULT NULL,
  `strip_sales_rate` double(8,2) DEFAULT NULL,
  `piece_sales_rate` double(8,2) NOT NULL,
  `weight` varchar(255) COLLATE utf8mb4_unicode_ci DEFAULT NULL,
  `manufacturing_date` date NOT NULL,
  `expiry_date` date NOT NULL,
  `rack_number` varchar(255) COLLATE utf8mb4_unicode_ci DEFAULT NULL,
  `reorder_level` varchar(255) COLLATE utf8mb4_unicode_ci NOT NULL,
  `created_by` varchar(255) COLLATE utf8mb4_unicode_ci NOT NULL,
  `created_at` timestamp NULL DEFAULT NULL,
  `updated_at` timestamp NULL DEFAULT NULL
) ENGINE=InnoDB DEFAULT CHARSET=utf8mb4 COLLATE=utf8mb4_unicode_ci;

--
-- Dumping data for table `branch_product_distributions`
--

INSERT INTO `branch_product_distributions` (`id`, `branch_id`, `product_id`, `product_name`, `carton_qty`, `box_qty`, `strip_qty`, `piece_qty`, `purchase_rate`, `sale_rate`, `carton_sales_rate`, `box_sales_rate`, `strip_sales_rate`, `piece_sales_rate`, `weight`, `manufacturing_date`, `expiry_date`, `rack_number`, `reorder_level`, `created_by`, `created_at`, `updated_at`) VALUES
(1, 4, 1, 'A-MYCIN LOTION', 0, 0, 0, 15, 150.00, 180.00, 0.00, 0.00, 0.00, 180.00, '100ml', '2018-07-03', '2020-07-03', NULL, '5', 'Mohammad Arman', '2018-07-03 16:04:40', '2018-07-03 16:13:37'),
(2, 2, 1, 'A-MYCIN LOTION', 0, 0, 0, 13, 150.00, 180.00, 0.00, 0.00, 0.00, 180.00, '100ml', '2018-07-03', '2020-07-03', NULL, '5', 'Mohammad Arman', '2018-07-03 16:04:53', '2018-07-03 16:04:53'),
(3, 3, 1, 'A-MYCIN LOTION', 0, 0, 0, 10, 150.00, 180.00, 0.00, 0.00, 0.00, 180.00, '100ml', '2018-07-03', '2020-07-03', 'Rack 5', '5', 'Mohammad Arman', '2018-07-03 16:05:04', '2018-07-17 11:30:10'),
(4, 2, 2, 'Cod Liver Oil Capsule', 0, 0.5, 5, 50, 2.20, 2.40, 0.00, 240.00, 24.00, 2.40, '200mg', '2018-07-04', '2020-07-04', NULL, '50', 'Mohammad Arman', '2018-07-03 16:09:32', '2018-07-17 11:28:37'),
(5, 2, 6, 'Fevnil syrup', 0, 0, 0, 5, 65.00, 70.00, 0.00, 0.00, 0.00, 70.00, '100ml', '2018-07-04', '2020-07-04', NULL, '5', 'Mohammad Arman', '2018-07-03 18:19:46', '2018-07-03 18:19:46'),
(6, 4, 6, 'Fevnil syrup', 0, 0, 0, 10, 65.00, 70.00, 0.00, 0.00, 0.00, 70.00, '100ml', '2018-07-04', '2020-07-04', NULL, '5', 'Mohammad Arman', '2018-07-03 18:20:08', '2018-07-03 18:20:08'),
(7, 3, 5, 'ORSaline-N (SMC)', 0, 0, 0, 32, 4.50, 5.00, 250.00, 50.00, 0.00, 5.00, 'none', '2018-07-04', '2020-07-04', 'Rack 3', '10', 'Mohammad Arman', '2018-07-03 18:20:58', '2018-07-17 11:30:01'),
(8, 2, 5, 'ORSaline-N (SMC)', 1, 5, 0, 50, 4.50, 5.00, 250.00, 50.00, 0.00, 5.00, 'none', '2018-07-04', '2020-07-04', NULL, '10', 'Mohammad Arman', '2018-07-03 18:21:35', '2018-07-03 18:21:35'),
(9, 2, 4, 'Fimoxyl 500mg', 0, 2, 10, 100, 6.40, 6.78, 0.00, 339.00, 67.80, 6.78, '500mg', '2018-07-04', '2020-07-04', NULL, '50', 'Mohammad Arman', '2018-07-03 18:23:40', '2018-07-16 11:29:13'),
(10, 3, 4, 'Fimoxyl 500mg', 0, 1, 5, 50, 6.40, 6.78, 0.00, 339.00, 67.80, 6.78, '500mg', '2018-07-04', '2020-07-04', 'Rack 1', '50', 'Mohammad Arman', '2018-07-03 18:24:06', '2018-07-17 11:29:49'),
(11, 4, 3, 'Caldil 500 mg', 0, 1, 40, 400, 3.80, 4.00, 0.00, 400.00, 40.00, 4.00, '500mg', '2018-07-04', '2020-07-04', NULL, '50', 'Mohammad Arman', '2018-07-03 18:24:44', '2018-07-03 18:24:44'),
(12, 4, 5, 'ORSaline-N (SMC)', 1, 5, 0, 50, 4.50, 5.00, 250.00, 50.00, 0.00, 5.00, 'none', '2018-07-04', '2020-07-04', NULL, '10', 'Mohammad Arman', '2018-07-16 11:27:53', '2018-07-16 11:27:53');

-- --------------------------------------------------------

--
-- Table structure for table `companies`
--

CREATE TABLE `companies` (
  `id` int(10) UNSIGNED NOT NULL,
  `company_name` varchar(150) COLLATE utf8mb4_unicode_ci NOT NULL,
  `contact_number` varchar(255) COLLATE utf8mb4_unicode_ci DEFAULT NULL,
  `address` text COLLATE utf8mb4_unicode_ci DEFAULT NULL,
  `created_by` varchar(255) COLLATE utf8mb4_unicode_ci NOT NULL,
  `created_at` timestamp NULL DEFAULT NULL,
  `updated_at` timestamp NULL DEFAULT NULL
) ENGINE=InnoDB DEFAULT CHARSET=utf8mb4 COLLATE=utf8mb4_unicode_ci;

--
-- Dumping data for table `companies`
--

INSERT INTO `companies` (`id`, `company_name`, `contact_number`, `address`, `created_by`, `created_at`, `updated_at`) VALUES
(1, 'Beximco Pharmaceuticals Ltd.', '+880-2-58611001-7', '<p>19 Dhanmondi R/A, Road No. 7, Dhaka 1205, Bangladesh.</p>', 'Mohammad Arman', '2018-01-21 07:26:07', '2018-01-21 07:26:07'),
(2, 'GlaxoSmithKline Bangladesh Ltd.', '031-752077', '<p>N1, Chittagong</p>', 'Mohammad Arman', '2018-01-21 07:27:15', '2018-01-21 07:27:15'),
(3, 'Incepta Pharmaceuticals.', '(+88 02) 8891688 - 703', '<p>40 Shahid Tajuddin Ahmed Sarani<br />Tejgaon I/A, Dhaka-1208. Bangladesh</p>', 'Mohammad Arman', '2018-01-21 07:31:00', '2018-01-21 07:31:00'),
(4, 'Square Pharmaceuticals Ltd.', '+88-02-9859007', '<p>SQUARE Centre<br />48, Mohakhali C/A<br />Dhaka 1212, Bangladesh</p>', 'Mohammad Arman', '2018-01-21 07:33:03', '2018-01-21 07:33:03'),
(6, 'Aristopharma Ltd.', '+880-2-9351691-3', '<div class=\"bdy\" style=\"border: 0px; margin: 0px; padding: 0px 0px 0px 8px; font-size: 13px; float: left; font-family: Tahoma, \'Liberation Sans\', FreeSans, sans-serif;\">7, Purana Paltan Line<br />Dhaka - 1000</div>', 'Mohammad Arman', '2018-06-11 11:22:04', '2018-06-11 11:22:04');

-- --------------------------------------------------------

--
-- Table structure for table `customers`
--

CREATE TABLE `customers` (
  `id` int(10) UNSIGNED NOT NULL,
  `username` varchar(255) COLLATE utf8mb4_unicode_ci NOT NULL,
  `firstname` varchar(255) COLLATE utf8mb4_unicode_ci DEFAULT NULL,
  `lastname` varchar(255) COLLATE utf8mb4_unicode_ci DEFAULT NULL,
  `email` varchar(150) COLLATE utf8mb4_unicode_ci NOT NULL,
  `phone_num_one` varchar(255) COLLATE utf8mb4_unicode_ci NOT NULL,
  `phone_num_two` varchar(255) COLLATE utf8mb4_unicode_ci DEFAULT NULL,
  `password` varchar(255) COLLATE utf8mb4_unicode_ci NOT NULL,
  `address` text COLLATE utf8mb4_unicode_ci DEFAULT NULL,
  `address_two` text COLLATE utf8mb4_unicode_ci DEFAULT NULL,
  `additional_information` text COLLATE utf8mb4_unicode_ci DEFAULT NULL,
  `created_on` datetime DEFAULT NULL,
  `modified_on` datetime DEFAULT NULL,
  `status` tinyint(4) NOT NULL,
  `created_at` timestamp NULL DEFAULT NULL,
  `updated_at` timestamp NULL DEFAULT NULL
) ENGINE=InnoDB DEFAULT CHARSET=utf8mb4 COLLATE=utf8mb4_unicode_ci;

--
-- Dumping data for table `customers`
--

INSERT INTO `customers` (`id`, `username`, `firstname`, `lastname`, `email`, `phone_num_one`, `phone_num_two`, `password`, `address`, `address_two`, `additional_information`, `created_on`, `modified_on`, `status`, `created_at`, `updated_at`) VALUES
(1, 'Mohammad Arman', 'Mohammad', 'Arman', 'mohammadarman456789@gmail.com', '01680950265', '01521225987', 'e10adc3949ba59abbe56e057f20f883e', '2102/B Ayesha Manson, Panwala Para, Chittagong.', '2102/B Ayesha Manson, Panwala Para, Chittagong.', 'information empty.1', '2018-01-21 20:14:36', '2018-07-02 16:54:40', 1, '2018-07-01 08:14:36', '2018-07-02 10:54:40'),
(2, 'Md. Rahat', 'Md.', 'Rahat', 'rahat@gmail.com', '01680950265', '01832282754', 'e10adc3949ba59abbe56e057f20f883e', 'Halisahar A-Block, Lane No. 4 Chittagong.', 'Halisahar B-Block, Lane No. 1 Chittagong.', 'Lorem Ipsum Dollar', '2018-06-12 16:38:27', '2018-06-12 16:41:03', 0, '2018-06-12 10:38:27', '2018-06-12 11:36:42'),
(3, 'Rakib', 'Md.', 'Rakib', 'rakib@gmail.com', '01821225987', NULL, 'e10adc3949ba59abbe56e057f20f883e', 'North Agrabad, Mosjid Colony, 1101/B Mohsin Monjil, Ctg', NULL, NULL, '2018-06-13 08:07:45', '2018-06-19 15:14:43', 1, '2018-06-13 02:07:45', '2018-06-19 09:14:43'),
(4, 'Yousuf', 'Md.', 'Yousuf', 'yousuf@gmail.com', '01523265987', NULL, 'e10adc3949ba59abbe56e057f20f883e', '2101/A Hajipara, Bhuiya Manson, Ctg', NULL, NULL, '2018-06-13 08:09:59', '2018-06-19 16:20:47', 1, '2018-07-01 02:09:59', '2018-06-19 10:20:47'),
(5, 'Md. Shakil', 'Md.', 'Shakil', 'shakil@gmail.com', '+8801832282753', NULL, 'e10adc3949ba59abbe56e057f20f883e', 'Foyz Lake Abashik, Ctg', 'Foyz Lake Abashik, Ctg', NULL, '2018-07-02 16:49:21', '2018-07-02 19:54:06', 1, '2018-07-02 10:49:21', '2018-07-02 13:54:06'),
(6, 'Mr. Rafique', 'Mr.', 'Rafique', 'rafique@gmail.com', '01680950265', NULL, 'e10adc3949ba59abbe56e057f20f883e', '2102/B Ayesha Manson, Panwala Para, Chittagong.', '2102/B Ayesha Manson, Panwala Para, Chittagong.', NULL, '2018-07-04 04:10:31', '2018-07-04 04:11:09', 1, '2018-07-03 22:10:31', '2018-07-03 22:11:09'),
(7, 'Rafiqul Islam', 'Rafiqul', 'Islam', 'rafiqul@gmail.com', '01832282753', NULL, 'e10adc3949ba59abbe56e057f20f883e', 'Badurtala jame masjid, Bahaddarhat, Ctg', 'Badurtala jame masjid, Bahaddarhat, Ctg', NULL, '2018-07-19 11:37:16', '2018-07-19 11:38:56', 1, '2018-07-19 11:37:16', '2018-07-19 11:38:56');

-- --------------------------------------------------------

--
-- Table structure for table `ecommerce_categories`
--

CREATE TABLE `ecommerce_categories` (
  `id` int(10) UNSIGNED NOT NULL,
  `category_name` varchar(150) COLLATE utf8mb4_unicode_ci NOT NULL,
  `category_image` varchar(255) COLLATE utf8mb4_unicode_ci DEFAULT NULL,
  `description` text COLLATE utf8mb4_unicode_ci DEFAULT NULL,
  `publication_status` tinyint(4) NOT NULL,
  `created_by` varchar(255) COLLATE utf8mb4_unicode_ci NOT NULL,
  `created_at` timestamp NULL DEFAULT NULL,
  `updated_at` timestamp NULL DEFAULT NULL
) ENGINE=InnoDB DEFAULT CHARSET=utf8mb4 COLLATE=utf8mb4_unicode_ci;

--
-- Dumping data for table `ecommerce_categories`
--

INSERT INTO `ecommerce_categories` (`id`, `category_name`, `category_image`, `description`, `publication_status`, `created_by`, `created_at`, `updated_at`) VALUES
(1, 'Prescription', '1.jpg', '<p>This category is created for prescription</p>', 1, 'Mohammad Arman', '2018-01-21 07:06:41', '2018-01-21 07:06:41'),
(2, 'Vitamins & Suppliments', '2.jpg', '<p>This category is created for Vitamins & Suppliment\'s</p>', 1, 'Mohammad Arman', '2018-01-21 07:09:49', '2018-01-21 07:09:49'),
(3, 'Diabetes', '3.jpg', '<p>This category is created for Diabetes.</p>', 1, 'Mohammad Arman', '2018-01-21 07:10:22', '2018-01-21 07:10:22'),
(4, 'Baby & Mother', '4.jpg', '<p>This category is created for baby &amp; mother.</p>', 1, 'Mohammad Arman', '2018-01-21 07:11:09', '2018-01-21 07:15:53'),
(5, 'Personal Care', '5.jpg', '<p>This category is created for personal care.</p>', 1, 'Mohammad Arman', '2018-01-21 07:14:14', '2018-01-21 07:14:14'),
(6, 'Wellness', '6.jpg', '<p>This category is created for wellness</p>', 1, 'Mohammad Arman', '2018-01-21 07:14:45', '2018-01-21 07:14:45'),
(7, 'OTC', '7.jpg', '<p>This category is created for OTC</p>', 1, 'Mohammad Arman', '2018-01-21 07:15:42', '2018-01-21 07:15:42'),
(8, ' Household', '8.jpg', NULL, 1, 'Mohammad Arman', '2018-06-11 13:22:55', '2018-07-16 11:51:37');

-- --------------------------------------------------------

--
-- Table structure for table `ecommerce_products`
--

CREATE TABLE `ecommerce_products` (
  `id` int(10) UNSIGNED NOT NULL,
  `product_name` varchar(150) COLLATE utf8mb4_unicode_ci NOT NULL,
  `product_image` varchar(255) COLLATE utf8mb4_unicode_ci DEFAULT NULL,
  `category_id` int(10) UNSIGNED NOT NULL,
  `supplier_id` int(10) UNSIGNED NOT NULL,
  `carton_qty` float DEFAULT NULL,
  `box_qty` float DEFAULT NULL,
  `strip_qty` float DEFAULT NULL,
  `piece_qty` float NOT NULL,
  `purchase_rate` double(8,2) NOT NULL,
  `sale_rate` double(8,2) NOT NULL,
  `carton_sales_rate` float DEFAULT NULL,
  `box_sales_rate` float DEFAULT NULL,
  `strip_sales_rate` float DEFAULT NULL,
  `piece_sales_rate` float NOT NULL,
  `discount` double(8,2) DEFAULT NULL,
  `weight` varchar(255) COLLATE utf8mb4_unicode_ci DEFAULT NULL,
  `manufacturing_date` date NOT NULL,
  `expiry_date` date NOT NULL,
  `description` text COLLATE utf8mb4_unicode_ci NOT NULL,
  `rack_number` varchar(255) COLLATE utf8mb4_unicode_ci NOT NULL,
  `reorder_level` int(11) NOT NULL,
  `publication_status` tinyint(4) NOT NULL,
  `feature_product` tinyint(4) NOT NULL,
  `created_by` varchar(255) COLLATE utf8mb4_unicode_ci NOT NULL,
  `created_at` timestamp NULL DEFAULT NULL,
  `updated_at` timestamp NULL DEFAULT NULL
) ENGINE=InnoDB DEFAULT CHARSET=utf8mb4 COLLATE=utf8mb4_unicode_ci;

--
-- Dumping data for table `ecommerce_products`
--

INSERT INTO `ecommerce_products` (`id`, `product_name`, `product_image`, `category_id`, `supplier_id`, `carton_qty`, `box_qty`, `strip_qty`, `piece_qty`, `purchase_rate`, `sale_rate`, `carton_sales_rate`, `box_sales_rate`, `strip_sales_rate`, `piece_sales_rate`, `discount`, `weight`, `manufacturing_date`, `expiry_date`, `description`, `rack_number`, `reorder_level`, `publication_status`, `feature_product`, `created_by`, `created_at`, `updated_at`) VALUES
(1, 'Napa', 'napa-600x60095b53909bd.jpg', 1, 1, 0.74, 7.4, 37, 370, 380.00, 400.00, 400, 40, 8, 0.8, 0.00, '500mg Tablet', '2018-02-01', '2020-02-01', '<h2 style=\"font-family: Arial, \'Helvetica Neue\', Helvetica, sans-serif; margin: 0px 0px 10px; padding: 0px; border: 0px transparent; vertical-align: baseline; background-image: initial; background-position: 0px 0px; background-size: initial; background-repeat: initial; background-attachment: initial; background-origin: initial; background-clip: initial; color: #3f3f3f;\" data-title=\"overview\">What is Napa?</h2>\r\n<div class=\"_main\" style=\"font-family: Arial, \'Helvetica Neue\', Helvetica, sans-serif; margin: 0px; padding: 0px; border: 0px transparent; vertical-align: baseline; background-image: initial; background-position: 0px 0px; background-size: initial; background-repeat: initial; background-attachment: initial; background-origin: initial; background-clip: initial; line-height: 24px; font-size: 16px;\">\r\n<div class=\"_item\" style=\"margin: 0px 0px 15px; padding: 0px; border: 0px transparent; vertical-align: baseline; background: 0px 0px;\"><a class=\"_self\" style=\"margin: 0px; padding: 0px; border: 0px transparent; vertical-align: baseline; background: 0px 0px; color: #000000; text-decoration-line: none;\" href=\"https://www.tabletwise.com/bangladesh/napa-tablet\">Napa Tablet</a>&nbsp;is used for&nbsp;<a style=\"margin: 0px; padding: 0px; border: 0px transparent; vertical-align: baseline; background: 0px 0px; color: #0a65bb; text-decoration-line: none;\" href=\"https://www.tabletwise.com/health/fever\">Fever</a>,&nbsp;<a style=\"margin: 0px; padding: 0px; border: 0px transparent; vertical-align: baseline; background: 0px 0px; color: #0a65bb; text-decoration-line: none;\" href=\"https://www.tabletwise.com/health/cold-and-cough-medicines\">Cold</a>,&nbsp;<a style=\"margin: 0px; padding: 0px; border: 0px transparent; vertical-align: baseline; background: 0px 0px; color: #0a65bb; text-decoration-line: none;\" href=\"https://www.tabletwise.com/health/headache\">Headache</a>,&nbsp;<a style=\"margin: 0px; padding: 0px; border: 0px transparent; vertical-align: baseline; background: 0px 0px; color: #0a65bb; text-decoration-line: none;\" href=\"https://www.tabletwise.com/health/pain\">Ear pain</a>, Toothache,&nbsp;<a style=\"margin: 0px; padding: 0px; border: 0px transparent; vertical-align: baseline; background: 0px 0px; color: #0a65bb; text-decoration-line: none;\" href=\"https://www.tabletwise.com/health/menstruation\">Periods pain</a>,&nbsp;<a style=\"margin: 0px; padding: 0px; border: 0px transparent; vertical-align: baseline; background: 0px 0px; color: #0a65bb; text-decoration-line: none;\" href=\"https://www.tabletwise.com/health/pain\">Joint pain</a>,&nbsp;<a style=\"margin: 0px; padding: 0px; border: 0px transparent; vertical-align: baseline; background: 0px 0px; color: #0a65bb; text-decoration-line: none;\" href=\"https://www.tabletwise.com/health/flu\">Flu</a>&nbsp;and other conditions. Napa Tablet may also be used for purposes not listed in this medication guide.</div>\r\n<div class=\"_item\" style=\"margin: 0px 0px 15px; padding: 0px; border: 0px transparent; vertical-align: baseline; background: 0px 0px;\">Napa Tablet contains&nbsp;<a style=\"margin: 0px; padding: 0px; border: 0px transparent; vertical-align: baseline; background: 0px 0px; color: #0a65bb; text-decoration-line: none;\" href=\"http://www.tabletwise.com/medicine/paracetamol\">Paracetamol</a>&nbsp;as an active ingredient.</div>\r\n<div class=\"_item\" style=\"margin: 0px 0px 15px; padding: 0px; border: 0px transparent; vertical-align: baseline; background: 0px 0px;\">Napa Tablet works by increasing the pain threshold and increases the blood flow across the skin, heat loss and sweating.</div>\r\n<div class=\"_item\" style=\"margin: 0px 0px 15px; padding: 0px; border: 0px transparent; vertical-align: baseline; background: 0px 0px;\"><a style=\"margin: 0px; padding: 0px; border: 0px transparent; vertical-align: baseline; background: 0px 0px; color: #0a65bb; text-decoration-line: none;\" href=\"https://www.tabletwise.com/bangladesh/brand/beximco-pharma\">Beximco Pharma</a>&nbsp;manufactures Napa Tablet.</div>\r\n<div class=\"_item\" style=\"margin: 0px 0px 15px; padding: 0px; border: 0px transparent; vertical-align: baseline; background: 0px 0px;\">\r\n<h2 style=\"margin: 0px 0px 10px; padding: 0px; border: 0px transparent; vertical-align: baseline; background-image: initial; background-position: 0px 0px; background-size: initial; background-repeat: initial; background-attachment: initial; background-origin: initial; background-clip: initial; color: #3f3f3f;\" data-title=\"uses\">Napa Tablet Uses</h2>\r\n<div style=\"margin: 0px; padding: 0px; border: 0px transparent; vertical-align: baseline; background-image: initial; background-position: 0px 0px; background-size: initial; background-repeat: initial; background-attachment: initial; background-origin: initial; background-clip: initial; line-height: 24px;\">\r\n<div class=\"_helper\" style=\"margin: 0px; padding: 0px 0px 7px; border: 0px transparent; vertical-align: baseline; background: 0px 0px;\"><a class=\"_self\" style=\"margin: 0px; padding: 0px; border: 0px transparent; vertical-align: baseline; background: 0px 0px; color: #000000; text-decoration-line: none;\" href=\"https://www.tabletwise.com/bangladesh/napa-tablet\">Napa Tablet</a>&nbsp;is used for the treatment, control, prevention, &amp; improvement of the following diseases, conditions and symptoms:</div>\r\n<ul class=\"_uses\" style=\"margin: 0px 0px 0px 20px; padding: 0px; border: 0px transparent; vertical-align: baseline; background: 0px 0px;\">\r\n<li style=\"margin: 0px; padding: 0px; border: 0px transparent; vertical-align: baseline; background: 0px 0px; line-height: 25px; word-wrap: break-word;\"><a style=\"margin: 0px; padding: 0px; border: 0px transparent; vertical-align: baseline; background: 0px 0px; color: #0a65bb; text-decoration-line: none;\" href=\"https://www.tabletwise.com/health/fever\">Fever</a></li>\r\n<li style=\"margin: 0px; padding: 0px; border: 0px transparent; vertical-align: baseline; background: 0px 0px; line-height: 25px; word-wrap: break-word;\"><a style=\"margin: 0px; padding: 0px; border: 0px transparent; vertical-align: baseline; background: 0px 0px; color: #0a65bb; text-decoration-line: none;\" href=\"https://www.tabletwise.com/health/cold-and-cough-medicines\">Cold</a></li>\r\n<li style=\"margin: 0px; padding: 0px; border: 0px transparent; vertical-align: baseline; background: 0px 0px; line-height: 25px; word-wrap: break-word;\"><a style=\"margin: 0px; padding: 0px; border: 0px transparent; vertical-align: baseline; background: 0px 0px; color: #0a65bb; text-decoration-line: none;\" href=\"https://www.tabletwise.com/health/headache\">Headache</a></li>\r\n<li style=\"margin: 0px; padding: 0px; border: 0px transparent; vertical-align: baseline; background: 0px 0px; line-height: 25px; word-wrap: break-word;\"><a style=\"margin: 0px; padding: 0px; border: 0px transparent; vertical-align: baseline; background: 0px 0px; color: #0a65bb; text-decoration-line: none;\" href=\"https://www.tabletwise.com/health/pain\">Ear pain</a></li>\r\n<li style=\"margin: 0px; padding: 0px; border: 0px transparent; vertical-align: baseline; background: 0px 0px; line-height: 25px; word-wrap: break-word;\">Toothache</li>\r\n<li style=\"margin: 0px; padding: 0px; border: 0px transparent; vertical-align: baseline; background: 0px 0px; line-height: 25px; word-wrap: break-word;\"><a style=\"margin: 0px; padding: 0px; border: 0px transparent; vertical-align: baseline; background: 0px 0px; color: #0a65bb; text-decoration-line: none;\" href=\"https://www.tabletwise.com/health/menstruation\">Periods pain</a></li>\r\n<li style=\"margin: 0px; padding: 0px; border: 0px transparent; vertical-align: baseline; background: 0px 0px; line-height: 25px; word-wrap: break-word;\"><a style=\"margin: 0px; padding: 0px; border: 0px transparent; vertical-align: baseline; background: 0px 0px; color: #0a65bb; text-decoration-line: none;\" href=\"https://www.tabletwise.com/health/pain\">Joint pain</a></li>\r\n<li style=\"margin: 0px; padding: 0px; border: 0px transparent; vertical-align: baseline; background: 0px 0px; line-height: 25px; word-wrap: break-word;\"><a style=\"margin: 0px; padding: 0px; border: 0px transparent; vertical-align: baseline; background: 0px 0px; color: #0a65bb; text-decoration-line: none;\" href=\"https://www.tabletwise.com/health/flu\">Flu</a></li>\r\n<li style=\"margin: 0px; padding: 0px; border: 0px transparent; vertical-align: baseline; background: 0px 0px; line-height: 25px; word-wrap: break-word;\"><a class=\"_self\" style=\"margin: 0px; padding: 0px; border: 0px transparent; vertical-align: baseline; background: 0px 0px; color: #000000; text-decoration-line: none;\" href=\"https://www.tabletwise.com/bangladesh/napa-tablet\">Napa Tablet</a>&nbsp;may also be used for purposes not listed here.</li>\r\n</ul>\r\n<div class=\"_visible\" style=\"margin: 0px; padding: 0px 0px 30px; border: 0px transparent; vertical-align: baseline; background-image: initial; background-position: 0px 0px; background-size: initial; background-repeat: initial; background-attachment: initial; background-origin: initial; background-clip: initial;\">\r\n<h2 style=\"margin: 0px 0px 10px; padding: 0px; border: 0px transparent; vertical-align: baseline; background: 0px 0px; color: #3f3f3f;\" data-title=\"composition\">Napa Tablet - Composition and Active Ingredients</h2>\r\n<div style=\"margin: 0px; padding: 0px; border: 0px transparent; vertical-align: baseline; background: 0px 0px; line-height: 24px;\">\r\n<div class=\"_helper\" style=\"margin: 0px; padding: 0px 0px 7px; border: 0px transparent; vertical-align: baseline; background: 0px 0px;\"><a class=\"_self\" style=\"margin: 0px; padding: 0px; border: 0px transparent; vertical-align: baseline; background: 0px 0px; color: #000000; text-decoration-line: none;\" href=\"https://www.tabletwise.com/bangladesh/napa-tablet\">Napa Tablet</a>&nbsp;is composed of the following active ingredients (salts)</div>\r\n<ul style=\"margin: 0px 0px 0px 20px; padding: 0px; border: 0px transparent; vertical-align: baseline; background: 0px 0px;\">\r\n<li style=\"margin: 0px; padding: 0px; border: 0px transparent; vertical-align: baseline; background: 0px 0px; line-height: 25px; word-wrap: break-word;\"><a style=\"margin: 0px; padding: 0px; border: 0px transparent; vertical-align: baseline; background: 0px 0px; color: #0a65bb; text-decoration-line: none;\" href=\"http://www.tabletwise.com/medicine/paracetamol\">Paracetamol - 500Mg</a></li>\r\n</ul>\r\n<div class=\"_helper\" style=\"margin: 0px; padding: 0px 0px 7px; border: 0px transparent; vertical-align: baseline; background: 0px 0px;\">Please note that this medicine may be available in various strengths for each active ingredient listed above.</div>\r\n</div>\r\n</div>\r\n<div class=\"_visible\" style=\"margin: 0px; padding: 0px 0px 30px; border: 0px transparent; vertical-align: baseline; background-image: initial; background-position: 0px 0px; background-size: initial; background-repeat: initial; background-attachment: initial; background-origin: initial; background-clip: initial;\">\r\n<h2 style=\"margin: 0px 0px 10px; padding: 0px; border: 0px transparent; vertical-align: baseline; background: 0px 0px; color: #3f3f3f;\" data-title=\"side-effects\">Napa Tablet - Side-effects</h2>\r\n<div style=\"margin: 0px; padding: 0px; border: 0px transparent; vertical-align: baseline; background: 0px 0px; line-height: 24px;\">\r\n<div class=\"_helper\" style=\"margin: 0px; padding: 0px 0px 7px; border: 0px transparent; vertical-align: baseline; background: 0px 0px;\">The following is a list of possible&nbsp;<a class=\"_self\" style=\"margin: 0px; padding: 0px; border: 0px transparent; vertical-align: baseline; background: 0px 0px; color: #000000; text-decoration-line: none;\" href=\"https://www.tabletwise.com/bangladesh/napa-tablet\">side-effects</a>&nbsp;that may occur from all constituting ingredients of&nbsp;<a class=\"_self\" style=\"margin: 0px; padding: 0px; border: 0px transparent; vertical-align: baseline; background: 0px 0px; color: #000000; text-decoration-line: none;\" href=\"https://www.tabletwise.com/bangladesh/napa-tablet\">Napa Tablet</a>. This is not a comprehensive list. These side-effects are possible, but do not always occur. Some of the side-effects may be rare but serious. Consult your doctor if you observe any of the following side-effects, especially if they do not go away.</div>\r\n<ul class=\"_side_effects\" style=\"margin: 0px 0px 0px 20px; padding: 0px; border: 0px transparent; vertical-align: baseline; background: 0px 0px;\">\r\n<li style=\"margin: 0px; padding: 0px; border: 0px transparent; vertical-align: baseline; background: 0px 0px; line-height: 25px; word-wrap: break-word;\">Feeling of sickness</li>\r\n<li style=\"margin: 0px; padding: 0px; border: 0px transparent; vertical-align: baseline; background: 0px 0px; line-height: 25px; word-wrap: break-word;\">Skin reddening</li>\r\n<li style=\"margin: 0px; padding: 0px; border: 0px transparent; vertical-align: baseline; background: 0px 0px; line-height: 25px; word-wrap: break-word;\">Allergic reactions</li>\r\n<li style=\"margin: 0px; padding: 0px; border: 0px transparent; vertical-align: baseline; background: 0px 0px; line-height: 25px; word-wrap: break-word;\">Shortness of breath</li>\r\n<li style=\"margin: 0px; padding: 0px; border: 0px transparent; vertical-align: baseline; background: 0px 0px; line-height: 25px; word-wrap: break-word;\">Swollen facial features</li>\r\n<li style=\"margin: 0px; padding: 0px; border: 0px transparent; vertical-align: baseline; background: 0px 0px; line-height: 25px; word-wrap: break-word;\">Liver damage</li>\r\n<li style=\"margin: 0px; padding: 0px; border: 0px transparent; vertical-align: baseline; background: 0px 0px; line-height: 25px; word-wrap: break-word;\"><a style=\"margin: 0px; padding: 0px; border: 0px transparent; vertical-align: baseline; background: 0px 0px; color: #0a65bb; text-decoration-line: none;\" href=\"https://www.tabletwise.com/health/blood\">Abnormalities of blood cells</a></li>\r\n<li style=\"margin: 0px; padding: 0px; border: 0px transparent; vertical-align: baseline; background: 0px 0px; line-height: 25px; word-wrap: break-word;\"><a style=\"margin: 0px; padding: 0px; border: 0px transparent; vertical-align: baseline; background: 0px 0px; color: #0a65bb; text-decoration-line: none;\" href=\"https://www.tabletwise.com/health/nausea-and-vomiting\">Nausea</a></li>\r\n<li style=\"margin: 0px; padding: 0px; border: 0px transparent; vertical-align: baseline; background: 0px 0px; line-height: 25px; word-wrap: break-word;\"><a style=\"margin: 0px; padding: 0px; border: 0px transparent; vertical-align: baseline; background: 0px 0px; color: #0a65bb; text-decoration-line: none;\" href=\"https://www.tabletwise.com/health/rashes\">Rashes</a></li>\r\n<li style=\"margin: 0px; padding: 0px; border: 0px transparent; vertical-align: baseline; background: 0px 0px; line-height: 25px; word-wrap: break-word;\">Liver toxicity</li>\r\n<li style=\"margin: 0px; padding: 0px; border: 0px transparent; vertical-align: baseline; background: 0px 0px; line-height: 25px; word-wrap: break-word;\"><a class=\"_self\" style=\"margin: 0px; padding: 0px; border: 0px transparent; vertical-align: baseline; background: 0px 0px; color: #000000; text-decoration-line: none;\" href=\"https://www.tabletwise.com/bangladesh/napa-tablet\">Napa Tablet</a>&nbsp;may also cause side-effects not listed here.</li>\r\n</ul>\r\n<p>&nbsp;</p>\r\n<div class=\"_visible _above_ad\" style=\"margin: 0px; padding: 0px 0px 30px; border: 0px transparent; vertical-align: baseline; background-image: initial; background-position: 0px 0px; background-size: initial; background-repeat: initial; background-attachment: initial; background-origin: initial; background-clip: initial;\">\r\n<h2 style=\"margin: 0px 0px 10px; padding: 0px; border: 0px transparent; vertical-align: baseline; background: 0px 0px; color: #3f3f3f;\" data-title=\"working\">Napa Tablet Working, Mechanism of Action and Pharmacology</h2>\r\n<div style=\"margin: 0px; padding: 0px; border: 0px transparent; vertical-align: baseline; background: 0px 0px; line-height: 24px;\">\r\n<div class=\"_helper\" style=\"margin: 0px; padding: 0px 0px 7px; border: 0px transparent; vertical-align: baseline; background: 0px 0px;\"><a class=\"_self\" style=\"margin: 0px; padding: 0px; border: 0px transparent; vertical-align: baseline; background: 0px 0px; color: #000000; text-decoration-line: none;\" href=\"https://www.tabletwise.com/bangladesh/napa-tablet\">Napa Tablet</a>&nbsp;improves the patient\'s condition by performing the following functions:</div>\r\n<ul style=\"margin: 0px 0px 0px 20px; padding: 0px; border: 0px transparent; vertical-align: baseline; background: 0px 0px;\">\r\n<li style=\"margin: 0px; padding: 0px; border: 0px transparent; vertical-align: baseline; background: 0px 0px; line-height: 25px; word-wrap: break-word;\"><a class=\"_self\" style=\"margin: 0px; padding: 0px; border: 0px transparent; vertical-align: baseline; background: 0px 0px; color: #000000; text-decoration-line: none;\" href=\"https://www.tabletwise.com/bangladesh/napa-tablet\">Increasing the pain threshold and increases the blood flow across the skin, heat loss and sweating.</a></li>\r\n</ul>\r\n</div>\r\n</div>\r\n<div class=\"ad_dfp\" style=\"margin: 0px; padding: 0px 0px 30px; border: 0px transparent; vertical-align: baseline; background-image: initial; background-position: 0px 0px; background-size: initial; background-repeat: initial; background-attachment: initial; background-origin: initial; background-clip: initial;\">&nbsp;</div>\r\n<div class=\"_visible\" style=\"margin: 0px; padding: 0px 0px 30px; border: 0px transparent; vertical-align: baseline; background-image: initial; background-position: 0px 0px; background-size: initial; background-repeat: initial; background-attachment: initial; background-origin: initial; background-clip: initial;\">\r\n<h2 style=\"margin: 0px 0px 10px; padding: 0px; border: 0px transparent; vertical-align: baseline; background: 0px 0px; color: #3f3f3f;\" data-title=\"precautions\">Napa Tablet - Precautions &amp; How to Use</h2>\r\n<div style=\"margin: 0px; padding: 0px; border: 0px transparent; vertical-align: baseline; background: 0px 0px; line-height: 24px;\">\r\n<div class=\"_helper\" style=\"margin: 0px; padding: 0px 0px 7px; border: 0px transparent; vertical-align: baseline; background: 0px 0px;\">Before using&nbsp;<a class=\"_self\" style=\"margin: 0px; padding: 0px; border: 0px transparent; vertical-align: baseline; background: 0px 0px; color: #000000; text-decoration-line: none;\" href=\"https://www.tabletwise.com/bangladesh/napa-tablet\">Napa Tablet</a>, inform your doctor about your current list of medications, over the counter products (e.g. vitamins, herbal supplements, etc.), allergies, pre-existing diseases, and current health conditions (e.g. pregnancy, upcoming surgery, etc.). Some health conditions may make you more susceptible to the side-effects of the drug. Take as directed by your doctor or follow the direction printed on the product insert. Dosage is based on your condition. Tell your doctor if your condition persists or worsens. Important counseling points are listed below.</div>\r\n<div style=\"margin: 0px; padding: 0px; border: 0px transparent; vertical-align: baseline; background: 0px 0px;\">\r\n<ul style=\"margin: 0px 0px 0px 20px; padding: 0px; border: 0px transparent; vertical-align: baseline; background: 0px 0px;\">\r\n<li style=\"margin: 0px; padding: 0px; border: 0px transparent; vertical-align: baseline; background: 0px 0px; line-height: 25px; word-wrap: break-word;\"><a class=\"_self\" style=\"margin: 0px; padding: 0px; border: 0px transparent; vertical-align: baseline; background: 0px 0px; color: #000000; text-decoration-line: none;\" href=\"https://www.tabletwise.com/bangladesh/napa-tablet\">Avoid using it if allergic to paracetamol</a></li>\r\n<li style=\"margin: 0px; padding: 0px; border: 0px transparent; vertical-align: baseline; background: 0px 0px; line-height: 25px; word-wrap: break-word;\">Do not take paracetamol if you consume alcoholic beverages every day</li>\r\n</ul>\r\n</div>\r\n</div>\r\n</div>\r\n<div class=\"ad_dfp\" style=\"margin: 0px; padding: 0px 0px 30px; border: 0px transparent; vertical-align: baseline; background-image: initial; background-position: 0px 0px; background-size: initial; background-repeat: initial; background-attachment: initial; background-origin: initial; background-clip: initial;\">&nbsp;</div>\r\n<div class=\"_visible\" style=\"margin: 0px; padding: 0px 0px 30px; border: 0px transparent; vertical-align: baseline; background-image: initial; background-position: 0px 0px; background-size: initial; background-repeat: initial; background-attachment: initial; background-origin: initial; background-clip: initial;\">\r\n<h2 style=\"margin: 0px 0px 10px; padding: 0px; border: 0px transparent; vertical-align: baseline; background: 0px 0px; color: #3f3f3f;\" data-title=\"interactions\">Napa Tablet - Drug Interactions</h2>\r\n<div style=\"margin: 0px; padding: 0px; border: 0px transparent; vertical-align: baseline; background: 0px 0px; line-height: 24px;\">\r\n<div class=\"_helper\" style=\"margin: 0px; padding: 0px 0px 7px; border: 0px transparent; vertical-align: baseline; background: 0px 0px;\">If you use other drugs or over the counter products at the same time, the effects of&nbsp;<a class=\"_self\" style=\"margin: 0px; padding: 0px; border: 0px transparent; vertical-align: baseline; background: 0px 0px; color: #000000; text-decoration-line: none;\" href=\"https://www.tabletwise.com/bangladesh/napa-tablet\">Napa Tablet</a>&nbsp;may change. This may increase your risk for side-effects or cause your drug not to work properly. Tell your doctor about all the drugs, vitamins, and herbal supplements you are using, so that you doctor can help you prevent or manage drug interactions.&nbsp;<a class=\"_self\" style=\"margin: 0px; padding: 0px; border: 0px transparent; vertical-align: baseline; background: 0px 0px; color: #000000; text-decoration-line: none;\" href=\"https://www.tabletwise.com/bangladesh/napa-tablet\">Napa Tablet</a>&nbsp;may interact with the following drugs and products:</div>\r\n<ul style=\"margin: 0px 0px 0px 20px; padding: 0px; border: 0px transparent; vertical-align: baseline; background: 0px 0px;\">\r\n<li style=\"margin: 0px; padding: 0px; border: 0px transparent; vertical-align: baseline; background: 0px 0px; line-height: 25px; word-wrap: break-word;\"><a class=\"_self\" style=\"margin: 0px; padding: 0px; border: 0px transparent; vertical-align: baseline; background: 0px 0px; color: #000000; text-decoration-line: none;\" href=\"https://www.tabletwise.com/bangladesh/napa-tablet\">Alcohol</a></li>\r\n<li style=\"margin: 0px; padding: 0px; border: 0px transparent; vertical-align: baseline; background: 0px 0px; line-height: 25px; word-wrap: break-word;\">Interfere with certain laboratory tests</li>\r\n<li style=\"margin: 0px; padding: 0px; border: 0px transparent; vertical-align: baseline; background: 0px 0px; line-height: 25px; word-wrap: break-word;\">Juxtapid mipomersen</li>\r\n<li style=\"margin: 0px; padding: 0px; border: 0px transparent; vertical-align: baseline; background: 0px 0px; line-height: 25px; word-wrap: break-word;\">Ketoconazole</li>\r\n<li style=\"margin: 0px; padding: 0px; border: 0px transparent; vertical-align: baseline; background: 0px 0px; line-height: 25px; word-wrap: break-word;\">Leflunomide</li>\r\n<li style=\"margin: 0px; padding: 0px; border: 0px transparent; vertical-align: baseline; background: 0px 0px; line-height: 25px; word-wrap: break-word;\">Prilocaine</li>\r\n<li style=\"margin: 0px; padding: 0px; border: 0px transparent; vertical-align: baseline; background: 0px 0px; line-height: 25px; word-wrap: break-word;\">Teriflunomide</li>\r\n</ul>\r\n</div>\r\n</div>\r\n<div class=\"_visible\" style=\"margin: 0px; padding: 0px 0px 30px; border: 0px transparent; vertical-align: baseline; background-image: initial; background-position: 0px 0px; background-size: initial; background-repeat: initial; background-attachment: initial; background-origin: initial; background-clip: initial;\">\r\n<h2 style=\"margin: 0px 0px 10px; padding: 0px; border: 0px transparent; vertical-align: baseline; background: 0px 0px; color: #3f3f3f;\" data-title=\"contraindications\">Napa Tablet - Contraindications</h2>\r\n<div style=\"margin: 0px; padding: 0px; border: 0px transparent; vertical-align: baseline; background: 0px 0px; line-height: 24px;\">\r\n<div class=\"_helper\" style=\"margin: 0px; padding: 0px 0px 7px; border: 0px transparent; vertical-align: baseline; background: 0px 0px;\">Hypersensitivity to&nbsp;<a class=\"_self\" style=\"margin: 0px; padding: 0px; border: 0px transparent; vertical-align: baseline; background: 0px 0px; color: #000000; text-decoration-line: none;\" href=\"https://www.tabletwise.com/bangladesh/napa-tablet\">Napa Tablet</a>&nbsp;is a contraindication. In addition,&nbsp;<a class=\"_self\" style=\"margin: 0px; padding: 0px; border: 0px transparent; vertical-align: baseline; background: 0px 0px; color: #000000; text-decoration-line: none;\" href=\"https://www.tabletwise.com/bangladesh/napa-tablet\">Napa Tablet</a>&nbsp;should not be used if you have the following conditions:</div>\r\n<div style=\"margin: 0px; padding: 0px; border: 0px transparent; vertical-align: baseline; background: 0px 0px;\">\r\n<ul style=\"margin: 0px 0px 0px 20px; padding: 0px; border: 0px transparent; vertical-align: baseline; background: 0px 0px;\">\r\n<li style=\"margin: 0px; padding: 0px; border: 0px transparent; vertical-align: baseline; background: 0px 0px; line-height: 25px; word-wrap: break-word;\"><a class=\"_self\" style=\"margin: 0px; padding: 0px; border: 0px transparent; vertical-align: baseline; background: 0px 0px; color: #000000; text-decoration-line: none;\" href=\"https://www.tabletwise.com/bangladesh/napa-tablet\">Hepatic impairment</a></li>\r\n<li style=\"margin: 0px; padding: 0px; border: 0px transparent; vertical-align: baseline; background: 0px 0px; line-height: 25px; word-wrap: break-word;\">Hypersensitivity</li>\r\n</ul>\r\n</div>\r\n<div class=\"_space_up\" style=\"margin: 0px; padding: 10px 0px 0px; border: 0px transparent; vertical-align: baseline; background: 0px 0px;\">&nbsp;</div>\r\n</div>\r\n</div>\r\n<div class=\"_visible\" style=\"margin: 0px; padding: 0px 0px 30px; border: 0px transparent; vertical-align: baseline; background-image: initial; background-position: 0px 0px; background-size: initial; background-repeat: initial; background-attachment: initial; background-origin: initial; background-clip: initial;\">\r\n<h2 style=\"margin: 0px 0px 10px; padding: 0px; border: 0px transparent; vertical-align: baseline; background: 0px 0px; color: #3f3f3f;\" data-title=\"faqs\">Napa Tablet - Frequently asked Questions</h2>\r\n<div style=\"margin: 0px; padding: 0px; border: 0px transparent; vertical-align: baseline; background: 0px 0px; line-height: 24px;\">\r\n<div style=\"margin: 0px; padding: 0px; border: 0px transparent; vertical-align: baseline; background: 0px 0px;\">\r\n<ul class=\"_faqs\" style=\"margin: 0px 0px 0px 20px; padding: 0px; border: 0px transparent; vertical-align: baseline; background: 0px 0px;\">\r\n<li style=\"margin: 0px; padding: 0px; border: 0px transparent; vertical-align: baseline; background: 0px 0px; line-height: 25px; word-wrap: break-word;\">\r\n<div style=\"margin: 5px 0px 0px; padding: 0px; border: 0px transparent; vertical-align: baseline; background: 0px 0px; font-weight: bold; color: #3f3f3f;\"><strong style=\"margin: 0px; padding: 0px; border: 0px transparent; vertical-align: baseline; background: 0px 0px;\">Is Napa Tablet safe to consume or apply when pregnant?</strong></div>\r\n<div style=\"margin: 0px; padding: 0px; border: 0px transparent; vertical-align: baseline; background: 0px 0px;\">Please consult with your doctor for case-specific recommendations.</div>\r\n<div style=\"margin: 0px; padding: 0px; border: 0px transparent; vertical-align: baseline; background: 0px 0px;\">&nbsp;</div>\r\n</li>\r\n<li style=\"margin: 0px; padding: 0px; border: 0px transparent; vertical-align: baseline; background: 0px 0px; line-height: 25px; word-wrap: break-word;\">\r\n<div style=\"margin: 5px 0px 0px; padding: 0px; border: 0px transparent; vertical-align: baseline; background: 0px 0px; font-weight: bold; color: #3f3f3f;\"><strong style=\"margin: 0px; padding: 0px; border: 0px transparent; vertical-align: baseline; background: 0px 0px;\">Is Napa Tablet safe while breastfeeding?</strong></div>\r\n<div style=\"margin: 0px; padding: 0px; border: 0px transparent; vertical-align: baseline; background: 0px 0px;\">Please discuss the risks and benefits with your doctor.</div>\r\n<div style=\"margin: 0px; padding: 0px; border: 0px transparent; vertical-align: baseline; background: 0px 0px;\">&nbsp;</div>\r\n</li>\r\n<li style=\"margin: 0px; padding: 0px; border: 0px transparent; vertical-align: baseline; background: 0px 0px; line-height: 25px; word-wrap: break-word;\">\r\n<div style=\"margin: 5px 0px 0px; padding: 0px; border: 0px transparent; vertical-align: baseline; background: 0px 0px; font-weight: bold; color: #3f3f3f;\"><strong style=\"margin: 0px; padding: 0px; border: 0px transparent; vertical-align: baseline; background: 0px 0px;\">Can Napa Tablet be used for fever and cold?</strong></div>\r\n<div style=\"margin: 0px; padding: 0px; border: 0px transparent; vertical-align: baseline; background: 0px 0px;\">Yes, fever and cold are among the most common reported uses for Napa Tablet. Please do not use Napa Tablet for fever and cold without consulting first with your&nbsp;<a class=\"_self\" style=\"margin: 0px; padding: 0px; border: 0px transparent; vertical-align: baseline; background: 0px 0px; color: #000000; text-decoration-line: none;\" href=\"https://www.tabletwise.com/bangladesh/napa-tablet\">doctor</a>.&nbsp;<a style=\"margin: 0px; padding: 0px; border: 0px transparent; vertical-align: baseline; background: 0px 0px; color: #0a65bb; text-decoration-line: none;\" href=\"https://www.tabletwise.com/bangladesh/napa-tablet/reviews#uses\">Click here and view survey results</a>&nbsp;to find out what other patients report as common uses for Napa Tablet.</div>\r\n</li>\r\n<li style=\"margin: 0px; padding: 0px; border: 0px transparent; vertical-align: baseline; background: 0px 0px; line-height: 25px; word-wrap: break-word;\">\r\n<div style=\"margin: 5px 0px 0px; padding: 0px; border: 0px transparent; vertical-align: baseline; background: 0px 0px; font-weight: bold; color: #3f3f3f;\"><strong style=\"margin: 0px; padding: 0px; border: 0px transparent; vertical-align: baseline; background: 0px 0px;\">How long do I need to use Napa Tablet before I see improvement of my conditions?</strong></div>\r\n<div style=\"margin: 0px; padding: 0px; border: 0px transparent; vertical-align: baseline; background: 0px 0px;\">TabletWise.com website users have reported same day and within 6 hours as the most common time it takes before they saw improvements in their conditions. These times may not be reflective of what you may experience or how you should use this medicine. Please consult with your doctor to check how long do you need to use Napa Tablet.&nbsp;<a style=\"margin: 0px; padding: 0px; border: 0px transparent; vertical-align: baseline; background: 0px 0px; color: #0a65bb; text-decoration-line: none;\" href=\"https://www.tabletwise.com/bangladesh/napa-tablet/reviews#recommend\">Click here and view survey results</a>&nbsp;to find out what other patients report as time for effectiveness for Napa Tablet.</div>\r\n</li>\r\n<li style=\"margin: 0px; padding: 0px; border: 0px transparent; vertical-align: baseline; background: 0px 0px; line-height: 25px; word-wrap: break-word;\">\r\n<div style=\"margin: 5px 0px 0px; padding: 0px; border: 0px transparent; vertical-align: baseline; background: 0px 0px; font-weight: bold; color: #3f3f3f;\"><strong style=\"margin: 0px; padding: 0px; border: 0px transparent; vertical-align: baseline; background: 0px 0px;\">At what frequency do I need to use Napa Tablet?</strong></div>\r\n<div style=\"margin: 0px; padding: 0px; border: 0px transparent; vertical-align: baseline; background: 0px 0px;\">TabletWise.com website users have reported twice a day and thrice a day as the most common frequency of using Napa Tablet. Please follow your&nbsp;<a class=\"_self\" style=\"margin: 0px; padding: 0px; border: 0px transparent; vertical-align: baseline; background: 0px 0px; color: #000000; text-decoration-line: none;\" href=\"https://www.tabletwise.com/bangladesh/napa-tablet\">doctor\'s advice</a>&nbsp;on how often you need to Napa Tablet.&nbsp;<a style=\"margin: 0px; padding: 0px; border: 0px transparent; vertical-align: baseline; background: 0px 0px; color: #0a65bb; text-decoration-line: none;\" href=\"https://www.tabletwise.com/bangladesh/napa-tablet/reviews#dosage\">Click here and view survey results</a>&nbsp;to find out what other patients report as frequency of using Napa Tablet.</div>\r\n</li>\r\n<li style=\"margin: 0px; padding: 0px; border: 0px transparent; vertical-align: baseline; background: 0px 0px; line-height: 25px; word-wrap: break-word;\">\r\n<div style=\"margin: 5px 0px 0px; padding: 0px; border: 0px transparent; vertical-align: baseline; background: 0px 0px; font-weight: bold; color: #3f3f3f;\"><strong style=\"margin: 0px; padding: 0px; border: 0px transparent; vertical-align: baseline; background: 0px 0px;\">Should I consume Napa Tablet empty stomach, before food or after food?</strong></div>\r\n<div style=\"margin: 0px; padding: 0px; border: 0px transparent; vertical-align: baseline; background: 0px 0px;\">TabletWise.com website users have most commonly reported consuming Napa Tablet after food. However, this may not be reflective of how you should consume this medicine. Please follow your doctor\'s&nbsp;<a class=\"_self\" style=\"margin: 0px; padding: 0px; border: 0px transparent; vertical-align: baseline; background: 0px 0px; color: #000000; text-decoration-line: none;\" href=\"https://www.tabletwise.com/bangladesh/napa-tablet\">advice</a>&nbsp;on how you should use this medicine.&nbsp;<a style=\"margin: 0px; padding: 0px; border: 0px transparent; vertical-align: baseline; background: 0px 0px; color: #0a65bb; text-decoration-line: none;\" href=\"https://www.tabletwise.com/bangladesh/napa-tablet/reviews#timing\">Click here and view survey results</a>&nbsp;to find out what other patients report as timing of using Napa Tablet.</div>\r\n</li>\r\n<li style=\"margin: 0px; padding: 0px; border: 0px transparent; vertical-align: baseline; background: 0px 0px; line-height: 25px; word-wrap: break-word;\">\r\n<div style=\"margin: 5px 0px 0px; padding: 0px; border: 0px transparent; vertical-align: baseline; background: 0px 0px; font-weight: bold; color: #3f3f3f;\"><strong style=\"margin: 0px; padding: 0px; border: 0px transparent; vertical-align: baseline; background: 0px 0px;\">Is it safe to drive or operate heavy machinery when consuming?</strong></div>\r\n<div style=\"margin: 0px; padding: 0px; border: 0px transparent; vertical-align: baseline; background: 0px 0px;\">If you experience&nbsp;<a class=\"_self\" style=\"margin: 0px; padding: 0px; border: 0px transparent; vertical-align: baseline; background: 0px 0px; color: #000000; text-decoration-line: none;\" href=\"https://www.tabletwise.com/bangladesh/napa-tablet\">drowsiness</a>, dizziness, hypotension or a headache as side-effects when using Napa Tablet medicine then it may not be safe to drive a vehicle or operate heavy machinery. One should not drive a vehicle if using the medicine makes you drowsy, dizzy or lowers your blood-pressure extensively. Pharmacists also advise patients not to drink alcohol with medicines as alcohol intensifies&nbsp;<a class=\"_self\" style=\"margin: 0px; padding: 0px; border: 0px transparent; vertical-align: baseline; background: 0px 0px; color: #000000; text-decoration-line: none;\" href=\"https://www.tabletwise.com/bangladesh/napa-tablet\">drowsiness</a>&nbsp;side-effects. Please check for these effects on your body when using Napa Tablet. Always consult with your doctor for recommendations specific to your body and health conditions.</div>\r\n<div style=\"margin: 0px; padding: 0px; border: 0px transparent; vertical-align: baseline; background: 0px 0px;\">&nbsp;</div>\r\n</li>\r\n<li style=\"margin: 0px; padding: 0px; border: 0px transparent; vertical-align: baseline; background: 0px 0px; line-height: 25px; word-wrap: break-word;\">\r\n<div style=\"margin: 5px 0px 0px; padding: 0px; border: 0px transparent; vertical-align: baseline; background: 0px 0px; font-weight: bold; color: #3f3f3f;\"><strong style=\"margin: 0px; padding: 0px; border: 0px transparent; vertical-align: baseline; background: 0px 0px;\">Is this medicine or product addictive or habit forming?</strong></div>\r\n<div style=\"margin: 0px; padding: 0px; border: 0px transparent; vertical-align: baseline; background: 0px 0px;\">Most medicines don\'t come with a potential for addiction or abuse. Usually, government\'s categorizes medicines that can be addictive as controlled substances. Examples include&nbsp;<a class=\"_self\" style=\"margin: 0px; padding: 0px; border: 0px transparent; vertical-align: baseline; background: 0px 0px; color: #000000; text-decoration-line: none;\" href=\"https://www.tabletwise.com/bangladesh/napa-tablet\">schedule</a>&nbsp;H or X in India and&nbsp;<a class=\"_self\" style=\"margin: 0px; padding: 0px; border: 0px transparent; vertical-align: baseline; background: 0px 0px; color: #000000; text-decoration-line: none;\" href=\"https://www.tabletwise.com/bangladesh/napa-tablet\">schedule</a>&nbsp;II-V in the US. Please consult the product package to make sure that the medicine does not belong to such special categorizations of medicines. Lastly, do not self-medicate and increase your body\'s dependence to medicines without the advice of a doctor.</div>\r\n<div style=\"margin: 0px; padding: 0px; border: 0px transparent; vertical-align: baseline; background: 0px 0px;\">&nbsp;</div>\r\n</li>\r\n<li style=\"margin: 0px; padding: 0px; border: 0px transparent; vertical-align: baseline; background: 0px 0px; line-height: 25px; word-wrap: break-word;\">\r\n<div style=\"margin: 5px 0px 0px; padding: 0px; border: 0px transparent; vertical-align: baseline; background: 0px 0px; font-weight: bold; color: #3f3f3f;\"><strong style=\"margin: 0px; padding: 0px; border: 0px transparent; vertical-align: baseline; background: 0px 0px;\">Can it be stopped immediately or do I have to slowly ween off consumption?</strong></div>\r\n<div style=\"margin: 0px; padding: 0px; border: 0px transparent; vertical-align: baseline; background: 0px 0px;\">Some medicines need to be tapered or cannot be stopped immediately because of rebound effects. Please consult with your doctor for recommendations specific to your body,&nbsp;<a class=\"_self\" style=\"margin: 0px; padding: 0px; border: 0px transparent; vertical-align: baseline; background: 0px 0px; color: #000000; text-decoration-line: none;\" href=\"https://www.tabletwise.com/bangladesh/napa-tablet\">health</a>&nbsp;and other medications that you may be using.</div>\r\n<div style=\"margin: 0px; padding: 0px; border: 0px transparent; vertical-align: baseline; background: 0px 0px;\">&nbsp;</div>\r\n</li>\r\n</ul>\r\n</div>\r\n</div>\r\n</div>\r\n<div class=\"ad_dfp\" style=\"margin: 0px; padding: 0px 0px 30px; border: 0px transparent; vertical-align: baseline; background-image: initial; background-position: 0px 0px; background-size: initial; background-repeat: initial; background-attachment: initial; background-origin: initial; background-clip: initial;\">&nbsp;</div>\r\n<div class=\"_other_info _visible\" style=\"margin: 0px; padding: 0px 0px 30px; border: 0px transparent; vertical-align: baseline; background-image: initial; background-position: 0px 0px; background-size: initial; background-repeat: initial; background-attachment: initial; background-origin: initial; background-clip: initial;\">\r\n<h2 style=\"margin: 0px 0px 10px; padding: 0px; border: 0px transparent; vertical-align: baseline; background: 0px 0px; color: #3f3f3f;\" data-title=\"other_info\">Other important Information on Napa Tablet</h2>\r\n<div style=\"margin: 0px; padding: 0px 0px 15px; border: 0px transparent; vertical-align: baseline; background: 0px 0px; line-height: 24px;\">\r\n<h3 style=\"margin: 0px 0px 10px; padding: 0px; border: 0px transparent; vertical-align: baseline; background: 0px 0px; color: #3f3f3f;\">Missing a dose</h3>\r\n<div style=\"margin: 0px; padding: 0px; border: 0px transparent; vertical-align: baseline; background: 0px 0px;\">In case you miss a dose, use it as soon as you notice. If it is close to the time of your next dose, skip the missed dose and resume your dosing schedule. Do not use extra dose to make up for a missed dose. If you are regularly missing doses, consider setting an alarm or asking a family member to remind you. Please consult your doctor to discuss changes in your dosing schedule or a new schedule to make up for missed doses, if you have missed too many doses recently.</div>\r\n<div class=\"_refs\" style=\"margin: 0px; padding: 0px; border: 0px transparent; vertical-align: baseline; background: 0px 0px;\">&nbsp;</div>\r\n</div>\r\n<div style=\"margin: 0px; padding: 0px 0px 15px; border: 0px transparent; vertical-align: baseline; background: 0px 0px; line-height: 24px;\">\r\n<h3 style=\"margin: 0px 0px 10px; padding: 0px; border: 0px transparent; vertical-align: baseline; background: 0px 0px; color: #3f3f3f;\">Overdosage of Napa Tablet</h3>\r\n<div style=\"margin: 0px; padding: 0px; border: 0px transparent; vertical-align: baseline; background: 0px 0px;\">\r\n<ul style=\"margin: 0px 0px 0px 20px; padding: 0px; border: 0px transparent; vertical-align: baseline; background: 0px 0px;\">\r\n<li style=\"margin: 0px; padding: 0px; border: 0px transparent; vertical-align: baseline; background: 0px 0px; line-height: 25px; word-wrap: break-word;\">Do not use more than prescribed dose. Taking more&nbsp;<a class=\"_self\" style=\"margin: 0px; padding: 0px; border: 0px transparent; vertical-align: baseline; background: 0px 0px; color: #000000; text-decoration-line: none;\" href=\"https://www.tabletwise.com/bangladesh/napa-tablet\">medication</a>&nbsp;will not improve your symptoms; rather they may cause poisoning or serious side-effects. If you suspect that you or anyone else who may have overdosed of&nbsp;<a class=\"_self\" style=\"margin: 0px; padding: 0px; border: 0px transparent; vertical-align: baseline; background: 0px 0px; color: #000000; text-decoration-line: none;\" href=\"https://www.tabletwise.com/bangladesh/napa-tablet\">Napa Tablet</a>, please go to the emergency department of the closest hospital or nursing home. Bring a medicine box, container, or label with you to help doctors with necessary information.</li>\r\n<li style=\"margin: 0px; padding: 0px; border: 0px transparent; vertical-align: baseline; background: 0px 0px; line-height: 25px; word-wrap: break-word;\">Do not give your medicines to other people even if you know that they have the same&nbsp;<a class=\"_self\" style=\"margin: 0px; padding: 0px; border: 0px transparent; vertical-align: baseline; background: 0px 0px; color: #000000; text-decoration-line: none;\" href=\"https://www.tabletwise.com/bangladesh/napa-tablet\">condition</a>&nbsp;or it seems that they may have similar&nbsp;<a class=\"_self\" style=\"margin: 0px; padding: 0px; border: 0px transparent; vertical-align: baseline; background: 0px 0px; color: #000000; text-decoration-line: none;\" href=\"https://www.tabletwise.com/bangladesh/napa-tablet\">condition</a>s. This may lead to overdosage.</li>\r\n<li style=\"margin: 0px; padding: 0px; border: 0px transparent; vertical-align: baseline; background: 0px 0px; line-height: 25px; word-wrap: break-word;\">Please consult your physician or pharmacist or product package for more information.</li>\r\n</ul>\r\n</div>\r\n</div>\r\n</div>\r\n</div>\r\n</div>\r\n</div>\r\n</div>\r\n</div>', 'Rack 1', 5, 1, 1, 'Mohammad Arman', '2018-06-11 04:57:38', '2018-06-11 04:57:38');
INSERT INTO `ecommerce_products` (`id`, `product_name`, `product_image`, `category_id`, `supplier_id`, `carton_qty`, `box_qty`, `strip_qty`, `piece_qty`, `purchase_rate`, `sale_rate`, `carton_sales_rate`, `box_sales_rate`, `strip_sales_rate`, `piece_sales_rate`, `discount`, `weight`, `manufacturing_date`, `expiry_date`, `description`, `rack_number`, `reorder_level`, `publication_status`, `feature_product`, `created_by`, `created_at`, `updated_at`) VALUES
(2, 'A-MYCIN LOTION', 'A-mycin_lotion122000718d.jpg', 1, 6, 0, 0, 0, 32, 550.00, 600.00, 0, 0, 0, 60, 0.00, '100ml', '2018-06-30', '2020-06-30', '<div class=\"_visible\" style=\"font-family: Arial, \'Helvetica Neue\', Helvetica, sans-serif; margin: 0px; padding: 0px 0px 30px; border: 0px transparent; vertical-align: baseline; background-image: initial; background-position: 0px 0px; background-size: initial; background-repeat: initial; background-attachment: initial; background-origin: initial; background-clip: initial; font-size: 16px;\">\r\n<h2 style=\"margin: 0px 0px 10px; padding: 0px; border: 0px transparent; vertical-align: baseline; background: 0px 0px; color: #3f3f3f;\" data-title=\"overview\">What is A mycin?</h2>\r\n<div class=\"_main\" style=\"margin: 0px; padding: 0px; border: 0px transparent; vertical-align: baseline; background: 0px 0px; line-height: 24px;\">\r\n<div class=\"_item\" style=\"margin: 0px 0px 15px; padding: 0px; border: 0px transparent; vertical-align: baseline; background: 0px 0px;\"><a class=\"_self\" style=\"margin: 0px; padding: 0px; border: 0px transparent; vertical-align: baseline; background: 0px 0px; color: #000000; text-decoration-line: none;\" href=\"https://www.tabletwise.com/nigeria/a-mycin-lotion\">A mycin Lotion</a>&nbsp;is used for&nbsp;<a style=\"margin: 0px; padding: 0px; border: 0px transparent; vertical-align: baseline; background: 0px 0px; color: #0a65bb; text-decoration-line: none;\" href=\"https://www.tabletwise.com/health/bacterial-infections\">Bacterial infection</a>&nbsp;and other conditions. A mycin Lotion may also be used for purposes not listed in this medication guide.</div>\r\n<div class=\"_item\" style=\"margin: 0px 0px 15px; padding: 0px; border: 0px transparent; vertical-align: baseline; background: 0px 0px;\">A mycin Lotion contains&nbsp;<a style=\"margin: 0px; padding: 0px; border: 0px transparent; vertical-align: baseline; background: 0px 0px; color: #0a65bb; text-decoration-line: none;\" href=\"http://www.tabletwise.com/medicine/erythromycin\">Erythromycin</a>&nbsp;as an active ingredient.</div>\r\n<div class=\"_item\" style=\"margin: 0px 0px 15px; padding: 0px; border: 0px transparent; vertical-align: baseline; background: 0px 0px;\">A mycin Lotion works by inhibiting the bacterial growth.</div>\r\n<div style=\"margin: 0px; padding: 0px; border: 0px transparent; vertical-align: baseline; background: 0px 0px;\">Detailed information related to A mycin Lotion\'s uses, composition, dosage, side effects and reviews is listed below.</div>\r\n</div>\r\n</div>\r\n<div class=\"ad_dfp\" style=\"font-family: Arial, \'Helvetica Neue\', Helvetica, sans-serif; margin: 0px; padding: 0px 0px 30px; border: 0px transparent; vertical-align: baseline; background-image: initial; background-position: 0px 0px; background-size: initial; background-repeat: initial; background-attachment: initial; background-origin: initial; background-clip: initial; font-size: 16px;\">&nbsp;</div>\r\n<div class=\"_visible\" style=\"font-family: Arial, \'Helvetica Neue\', Helvetica, sans-serif; margin: 0px; padding: 0px 0px 30px; border: 0px transparent; vertical-align: baseline; background-image: initial; background-position: 0px 0px; background-size: initial; background-repeat: initial; background-attachment: initial; background-origin: initial; background-clip: initial; font-size: 16px;\">\r\n<h2 style=\"margin: 0px 0px 10px; padding: 0px; border: 0px transparent; vertical-align: baseline; background: 0px 0px; color: #3f3f3f;\" data-title=\"uses\">A mycin Lotion Uses</h2>\r\n<div style=\"margin: 0px; padding: 0px; border: 0px transparent; vertical-align: baseline; background: 0px 0px; line-height: 24px;\">\r\n<div class=\"_helper\" style=\"margin: 0px; padding: 0px 0px 7px; border: 0px transparent; vertical-align: baseline; background: 0px 0px;\"><a class=\"_self\" style=\"margin: 0px; padding: 0px; border: 0px transparent; vertical-align: baseline; background: 0px 0px; color: #000000; text-decoration-line: none;\" href=\"https://www.tabletwise.com/nigeria/a-mycin-lotion\">A mycin Lotion</a>&nbsp;is used for the treatment, control, prevention, &amp; improvement of the following diseases, conditions and symptoms:</div>\r\n<ul class=\"_uses\" style=\"margin: 0px 0px 0px 20px; padding: 0px; border: 0px transparent; vertical-align: baseline; background: 0px 0px;\">\r\n<li style=\"margin: 0px; padding: 0px; border: 0px transparent; vertical-align: baseline; background: 0px 0px; line-height: 25px; word-wrap: break-word;\"><a style=\"margin: 0px; padding: 0px; border: 0px transparent; vertical-align: baseline; background: 0px 0px; color: #0a65bb; text-decoration-line: none;\" href=\"https://www.tabletwise.com/health/bacterial-infections\">Bacterial infection</a></li>\r\n<li style=\"margin: 0px; padding: 0px; border: 0px transparent; vertical-align: baseline; background: 0px 0px; line-height: 25px; word-wrap: break-word;\"><a class=\"_self\" style=\"margin: 0px; padding: 0px; border: 0px transparent; vertical-align: baseline; background: 0px 0px; color: #000000; text-decoration-line: none;\" href=\"https://www.tabletwise.com/nigeria/a-mycin-lotion\">A mycin Lotion</a>&nbsp;may also be used for purposes not listed here.</li>\r\n</ul>\r\n<p>&nbsp;</p>\r\n<div class=\"_visible\" style=\"margin: 0px; padding: 0px 0px 30px; border: 0px transparent; vertical-align: baseline; background-image: initial; background-position: 0px 0px; background-size: initial; background-repeat: initial; background-attachment: initial; background-origin: initial; background-clip: initial;\">\r\n<h2 style=\"margin: 0px 0px 10px; padding: 0px; border: 0px transparent; vertical-align: baseline; background: 0px 0px; color: #3f3f3f;\" data-title=\"composition\">A mycin Lotion - Composition and Active Ingredients</h2>\r\n<div style=\"margin: 0px; padding: 0px; border: 0px transparent; vertical-align: baseline; background: 0px 0px; line-height: 24px;\">\r\n<div class=\"_helper\" style=\"margin: 0px; padding: 0px 0px 7px; border: 0px transparent; vertical-align: baseline; background: 0px 0px;\"><a class=\"_self\" style=\"margin: 0px; padding: 0px; border: 0px transparent; vertical-align: baseline; background: 0px 0px; color: #000000; text-decoration-line: none;\" href=\"https://www.tabletwise.com/nigeria/a-mycin-lotion\">A mycin Lotion</a>&nbsp;is composed of the following active ingredients (salts)</div>\r\n<ul style=\"margin: 0px 0px 0px 20px; padding: 0px; border: 0px transparent; vertical-align: baseline; background: 0px 0px;\">\r\n<li style=\"margin: 0px; padding: 0px; border: 0px transparent; vertical-align: baseline; background: 0px 0px; line-height: 25px; word-wrap: break-word;\"><a style=\"margin: 0px; padding: 0px; border: 0px transparent; vertical-align: baseline; background: 0px 0px; color: #0a65bb; text-decoration-line: none;\" href=\"http://www.tabletwise.com/medicine/erythromycin\">Erythromycin - 3%W/V</a></li>\r\n</ul>\r\n<div class=\"_helper\" style=\"margin: 0px; padding: 0px 0px 7px; border: 0px transparent; vertical-align: baseline; background: 0px 0px;\">Please note that this medicine may be available in various strengths for each active ingredient listed above.</div>\r\n</div>\r\n</div>\r\n<div class=\"_visible\" style=\"margin: 0px; padding: 0px 0px 30px; border: 0px transparent; vertical-align: baseline; background-image: initial; background-position: 0px 0px; background-size: initial; background-repeat: initial; background-attachment: initial; background-origin: initial; background-clip: initial;\">\r\n<h2 style=\"margin: 0px 0px 10px; padding: 0px; border: 0px transparent; vertical-align: baseline; background: 0px 0px; color: #3f3f3f;\" data-title=\"side-effects\">A mycin Lotion - Side-effects</h2>\r\n<div style=\"margin: 0px; padding: 0px; border: 0px transparent; vertical-align: baseline; background: 0px 0px; line-height: 24px;\">\r\n<div class=\"_helper\" style=\"margin: 0px; padding: 0px 0px 7px; border: 0px transparent; vertical-align: baseline; background: 0px 0px;\">The following is a list of possible&nbsp;<a class=\"_self\" style=\"margin: 0px; padding: 0px; border: 0px transparent; vertical-align: baseline; background: 0px 0px; color: #000000; text-decoration-line: none;\" href=\"https://www.tabletwise.com/nigeria/a-mycin-lotion\">side-effects</a>&nbsp;that may occur from all constituting ingredients of&nbsp;<a class=\"_self\" style=\"margin: 0px; padding: 0px; border: 0px transparent; vertical-align: baseline; background: 0px 0px; color: #000000; text-decoration-line: none;\" href=\"https://www.tabletwise.com/nigeria/a-mycin-lotion\">A mycin Lotion</a>. This is not a comprehensive list. These side-effects are possible, but do not always occur. Some of the side-effects may be rare but serious. Consult your doctor if you observe any of the following side-effects, especially if they do not go away.</div>\r\n<ul class=\"_side_effects\" style=\"margin: 0px 0px 0px 20px; padding: 0px; border: 0px transparent; vertical-align: baseline; background: 0px 0px;\">\r\n<li style=\"margin: 0px; padding: 0px; border: 0px transparent; vertical-align: baseline; background: 0px 0px; line-height: 25px; word-wrap: break-word;\"><a style=\"margin: 0px; padding: 0px; border: 0px transparent; vertical-align: baseline; background: 0px 0px; color: #0a65bb; text-decoration-line: none;\" href=\"https://www.tabletwise.com/health/nausea-and-vomiting\">Nausea</a></li>\r\n<li style=\"margin: 0px; padding: 0px; border: 0px transparent; vertical-align: baseline; background: 0px 0px; line-height: 25px; word-wrap: break-word;\"><a style=\"margin: 0px; padding: 0px; border: 0px transparent; vertical-align: baseline; background: 0px 0px; color: #0a65bb; text-decoration-line: none;\" href=\"https://www.tabletwise.com/health/nausea-and-vomiting\">Vomiting</a></li>\r\n<li style=\"margin: 0px; padding: 0px; border: 0px transparent; vertical-align: baseline; background: 0px 0px; line-height: 25px; word-wrap: break-word;\"><a style=\"margin: 0px; padding: 0px; border: 0px transparent; vertical-align: baseline; background: 0px 0px; color: #0a65bb; text-decoration-line: none;\" href=\"https://www.tabletwise.com/health/abdominal-pain\">Abdominal pain</a></li>\r\n<li style=\"margin: 0px; padding: 0px; border: 0px transparent; vertical-align: baseline; background: 0px 0px; line-height: 25px; word-wrap: break-word;\"><a style=\"margin: 0px; padding: 0px; border: 0px transparent; vertical-align: baseline; background: 0px 0px; color: #0a65bb; text-decoration-line: none;\" href=\"https://www.tabletwise.com/health/diarrhea\">Diarrhea</a></li>\r\n<li style=\"margin: 0px; padding: 0px; border: 0px transparent; vertical-align: baseline; background: 0px 0px; line-height: 25px; word-wrap: break-word;\"><a style=\"margin: 0px; padding: 0px; border: 0px transparent; vertical-align: baseline; background: 0px 0px; color: #0a65bb; text-decoration-line: none;\" href=\"https://www.tabletwise.com/health/eating-disorders\">Anorexia</a></li>\r\n<li style=\"margin: 0px; padding: 0px; border: 0px transparent; vertical-align: baseline; background: 0px 0px; line-height: 25px; word-wrap: break-word;\"><a style=\"margin: 0px; padding: 0px; border: 0px transparent; vertical-align: baseline; background: 0px 0px; color: #0a65bb; text-decoration-line: none;\" href=\"https://www.tabletwise.com/health/arrhythmia\">Ventricular arrhythmias</a></li>\r\n<li style=\"margin: 0px; padding: 0px; border: 0px transparent; vertical-align: baseline; background: 0px 0px; line-height: 25px; word-wrap: break-word;\"><a class=\"_self\" style=\"margin: 0px; padding: 0px; border: 0px transparent; vertical-align: baseline; background: 0px 0px; color: #000000; text-decoration-line: none;\" href=\"https://www.tabletwise.com/nigeria/a-mycin-lotion\">A mycin Lotion</a>&nbsp;may also cause side-effects not listed here.</li>\r\n</ul>\r\n<p>&nbsp;</p>\r\n<div class=\"_visible _above_ad\" style=\"margin: 0px; padding: 0px 0px 30px; border: 0px transparent; vertical-align: baseline; background-image: initial; background-position: 0px 0px; background-size: initial; background-repeat: initial; background-attachment: initial; background-origin: initial; background-clip: initial;\">\r\n<h2 style=\"margin: 0px 0px 10px; padding: 0px; border: 0px transparent; vertical-align: baseline; background: 0px 0px; color: #3f3f3f;\" data-title=\"working\">A mycin Lotion Working, Mechanism of Action and Pharmacology</h2>\r\n<div style=\"margin: 0px; padding: 0px; border: 0px transparent; vertical-align: baseline; background: 0px 0px; line-height: 24px;\">\r\n<div class=\"_helper\" style=\"margin: 0px; padding: 0px 0px 7px; border: 0px transparent; vertical-align: baseline; background: 0px 0px;\"><a class=\"_self\" style=\"margin: 0px; padding: 0px; border: 0px transparent; vertical-align: baseline; background: 0px 0px; color: #000000; text-decoration-line: none;\" href=\"https://www.tabletwise.com/nigeria/a-mycin-lotion\">A mycin Lotion</a>&nbsp;improves the patient\'s condition by performing the following functions:</div>\r\n<ul style=\"margin: 0px 0px 0px 20px; padding: 0px; border: 0px transparent; vertical-align: baseline; background: 0px 0px;\">\r\n<li style=\"margin: 0px; padding: 0px; border: 0px transparent; vertical-align: baseline; background: 0px 0px; line-height: 25px; word-wrap: break-word;\"><a class=\"_self\" style=\"margin: 0px; padding: 0px; border: 0px transparent; vertical-align: baseline; background: 0px 0px; color: #000000; text-decoration-line: none;\" href=\"https://www.tabletwise.com/nigeria/a-mycin-lotion\">Inhibiting the bacterial growth.</a></li>\r\n</ul>\r\n<div class=\"_space_up\" style=\"margin: 0px; padding: 10px 0px 0px; border: 0px transparent; vertical-align: baseline; background: 0px 0px;\">&nbsp;</div>\r\n</div>\r\n</div>\r\n<div class=\"ad_dfp\" style=\"margin: 0px; padding: 0px 0px 30px; border: 0px transparent; vertical-align: baseline; background-image: initial; background-position: 0px 0px; background-size: initial; background-repeat: initial; background-attachment: initial; background-origin: initial; background-clip: initial;\">&nbsp;</div>\r\n<div class=\"_visible\" style=\"margin: 0px; padding: 0px 0px 30px; border: 0px transparent; vertical-align: baseline; background-image: initial; background-position: 0px 0px; background-size: initial; background-repeat: initial; background-attachment: initial; background-origin: initial; background-clip: initial;\">\r\n<h2 style=\"margin: 0px 0px 10px; padding: 0px; border: 0px transparent; vertical-align: baseline; background: 0px 0px; color: #3f3f3f;\" data-title=\"precautions\">A mycin Lotion - Precautions &amp; How to Use</h2>\r\n<div style=\"margin: 0px; padding: 0px; border: 0px transparent; vertical-align: baseline; background: 0px 0px; line-height: 24px;\">\r\n<div class=\"_helper\" style=\"margin: 0px; padding: 0px 0px 7px; border: 0px transparent; vertical-align: baseline; background: 0px 0px;\">Before using&nbsp;<a class=\"_self\" style=\"margin: 0px; padding: 0px; border: 0px transparent; vertical-align: baseline; background: 0px 0px; color: #000000; text-decoration-line: none;\" href=\"https://www.tabletwise.com/nigeria/a-mycin-lotion\">A mycin Lotion</a>, inform your doctor about your current list of medications, over the counter products (e.g. vitamins, herbal supplements, etc.), allergies, pre-existing diseases, and current health conditions (e.g. pregnancy, upcoming surgery, etc.). Some health conditions may make you more susceptible to the side-effects of the drug. Take as directed by your doctor or follow the direction printed on the product insert. Dosage is based on your condition. Tell your doctor if your condition persists or worsens. Important counseling points are listed below.</div>\r\n<div style=\"margin: 0px; padding: 0px; border: 0px transparent; vertical-align: baseline; background: 0px 0px;\">\r\n<ul style=\"margin: 0px 0px 0px 20px; padding: 0px; border: 0px transparent; vertical-align: baseline; background: 0px 0px;\">\r\n<li style=\"margin: 0px; padding: 0px; border: 0px transparent; vertical-align: baseline; background: 0px 0px; line-height: 25px; word-wrap: break-word;\"><a class=\"_self\" style=\"margin: 0px; padding: 0px; border: 0px transparent; vertical-align: baseline; background: 0px 0px; color: #000000; text-decoration-line: none;\" href=\"https://www.tabletwise.com/nigeria/a-mycin-lotion\">Allergic reactions</a></li>\r\n<li style=\"margin: 0px; padding: 0px; border: 0px transparent; vertical-align: baseline; background: 0px 0px; line-height: 25px; word-wrap: break-word;\">Avoid overdosing as this medication is not removed by dialysis</li>\r\n<li style=\"margin: 0px; padding: 0px; border: 0px transparent; vertical-align: baseline; background: 0px 0px; line-height: 25px; word-wrap: break-word;\">Do not skip doses</li>\r\n<li style=\"margin: 0px; padding: 0px; border: 0px transparent; vertical-align: baseline; background: 0px 0px; line-height: 25px; word-wrap: break-word;\">Keep away from the eyes, nose, mouth and other mucous membranes</li>\r\n<li style=\"margin: 0px; padding: 0px; border: 0px transparent; vertical-align: baseline; background: 0px 0px; line-height: 25px; word-wrap: break-word;\">Liver or heart problem</li>\r\n<li style=\"margin: 0px; padding: 0px; border: 0px transparent; vertical-align: baseline; background: 0px 0px; line-height: 25px; word-wrap: break-word;\">Mental illness, epilepsy or heart failure drugs</li>\r\n<li style=\"margin: 0px; padding: 0px; border: 0px transparent; vertical-align: baseline; background: 0px 0px; line-height: 25px; word-wrap: break-word;\">Migraine</li>\r\n<li style=\"margin: 0px; padding: 0px; border: 0px transparent; vertical-align: baseline; background: 0px 0px; line-height: 25px; word-wrap: break-word;\">Myasthenia gravis</li>\r\n<li style=\"margin: 0px; padding: 0px; border: 0px transparent; vertical-align: baseline; background: 0px 0px; line-height: 25px; word-wrap: break-word;\">Raised bad lipids in your blood</li>\r\n<li style=\"margin: 0px; padding: 0px; border: 0px transparent; vertical-align: baseline; background: 0px 0px; line-height: 25px; word-wrap: break-word;\">This medication can increase QT prolongation</li>\r\n<li style=\"margin: 0px; padding: 0px; border: 0px transparent; vertical-align: baseline; background: 0px 0px; line-height: 25px; word-wrap: break-word;\">do not take by mouth. Consult with your doctor before using this medicine on open wounds, dry, chapped, irritated, or sun-burned skin.</li>\r\n<li style=\"margin: 0px; padding: 0px; border: 0px transparent; vertical-align: baseline; background: 0px 0px; line-height: 25px; word-wrap: break-word;\">wash your hands before and after applying&nbsp;<a class=\"_self\" style=\"margin: 0px; padding: 0px; border: 0px transparent; vertical-align: baseline; background: 0px 0px; color: #000000; text-decoration-line: none;\" href=\"https://www.tabletwise.com/nigeria/a-mycin-lotion\">A mycin Lotion</a>. Clean and dry the skin area to be treated.</li>\r\n<li style=\"margin: 0px; padding: 0px; border: 0px transparent; vertical-align: baseline; background: 0px 0px; line-height: 25px; word-wrap: break-word;\">do not wash the treated area after immediately applying&nbsp;<a class=\"_self\" style=\"margin: 0px; padding: 0px; border: 0px transparent; vertical-align: baseline; background: 0px 0px; color: #000000; text-decoration-line: none;\" href=\"https://www.tabletwise.com/nigeria/a-mycin-lotion\">A mycin Lotion</a>. Also avoid the use of other products on the treated area unless directed by your doctor.</li>\r\n<li style=\"margin: 0px; padding: 0px; border: 0px transparent; vertical-align: baseline; background: 0px 0px; line-height: 25px; word-wrap: break-word;\">applying an excessive amount may result in pilling. Use a thinner layer or lesser quantity of medicine to avoid pilling.</li>\r\n<li style=\"margin: 0px; padding: 0px; border: 0px transparent; vertical-align: baseline; background: 0px 0px; line-height: 25px; word-wrap: break-word;\">avoid getting this medication in your eyes or nose or mouth.</li>\r\n</ul>\r\n</div>\r\n</div>\r\n</div>\r\n<div class=\"ad_dfp\" style=\"margin: 0px; padding: 0px 0px 30px; border: 0px transparent; vertical-align: baseline; background-image: initial; background-position: 0px 0px; background-size: initial; background-repeat: initial; background-attachment: initial; background-origin: initial; background-clip: initial;\">&nbsp;</div>\r\n<div class=\"_visible\" style=\"margin: 0px; padding: 0px 0px 30px; border: 0px transparent; vertical-align: baseline; background-image: initial; background-position: 0px 0px; background-size: initial; background-repeat: initial; background-attachment: initial; background-origin: initial; background-clip: initial;\">\r\n<h2 style=\"margin: 0px 0px 10px; padding: 0px; border: 0px transparent; vertical-align: baseline; background: 0px 0px; color: #3f3f3f;\" data-title=\"interactions\">A mycin Lotion - Drug Interactions</h2>\r\n<div style=\"margin: 0px; padding: 0px; border: 0px transparent; vertical-align: baseline; background: 0px 0px; line-height: 24px;\">\r\n<div class=\"_helper\" style=\"margin: 0px; padding: 0px 0px 7px; border: 0px transparent; vertical-align: baseline; background: 0px 0px;\">If you use other drugs or over the counter products at the same time, the effects of&nbsp;<a class=\"_self\" style=\"margin: 0px; padding: 0px; border: 0px transparent; vertical-align: baseline; background: 0px 0px; color: #000000; text-decoration-line: none;\" href=\"https://www.tabletwise.com/nigeria/a-mycin-lotion\">A mycin Lotion</a>&nbsp;may change. This may increase your risk for side-effects or cause your drug not to work properly. Tell your doctor about all the drugs, vitamins, and herbal supplements you are using, so that you doctor can help you prevent or manage drug interactions.&nbsp;<a class=\"_self\" style=\"margin: 0px; padding: 0px; border: 0px transparent; vertical-align: baseline; background: 0px 0px; color: #000000; text-decoration-line: none;\" href=\"https://www.tabletwise.com/nigeria/a-mycin-lotion\">A mycin Lotion</a>&nbsp;may interact with the following drugs and products:</div>\r\n<ul style=\"margin: 0px 0px 0px 20px; padding: 0px; border: 0px transparent; vertical-align: baseline; background: 0px 0px;\">\r\n<li style=\"margin: 0px; padding: 0px; border: 0px transparent; vertical-align: baseline; background: 0px 0px; line-height: 25px; word-wrap: break-word;\"><a class=\"_self\" style=\"margin: 0px; padding: 0px; border: 0px transparent; vertical-align: baseline; background: 0px 0px; color: #000000; text-decoration-line: none;\" href=\"https://www.tabletwise.com/nigeria/a-mycin-lotion\">Acetazolamide</a></li>\r\n<li style=\"margin: 0px; padding: 0px; border: 0px transparent; vertical-align: baseline; background: 0px 0px; line-height: 25px; word-wrap: break-word;\">Alcohol</li>\r\n<li style=\"margin: 0px; padding: 0px; border: 0px transparent; vertical-align: baseline; background: 0px 0px; line-height: 25px; word-wrap: break-word;\">Alprazolam</li>\r\n<li style=\"margin: 0px; padding: 0px; border: 0px transparent; vertical-align: baseline; background: 0px 0px; line-height: 25px; word-wrap: break-word;\">Amiodarone</li>\r\n<li style=\"margin: 0px; padding: 0px; border: 0px transparent; vertical-align: baseline; background: 0px 0px; line-height: 25px; word-wrap: break-word;\">Amlodipine</li>\r\n<li style=\"margin: 0px; padding: 0px; border: 0px transparent; vertical-align: baseline; background: 0px 0px; line-height: 25px; word-wrap: break-word;\">Amprenavir</li>\r\n<li style=\"margin: 0px; padding: 0px; border: 0px transparent; vertical-align: baseline; background: 0px 0px; line-height: 25px; word-wrap: break-word;\">Artemisinin</li>\r\n<li style=\"margin: 0px; padding: 0px; border: 0px transparent; vertical-align: baseline; background: 0px 0px; line-height: 25px; word-wrap: break-word;\">Artesunate</li>\r\n<li style=\"margin: 0px; padding: 0px; border: 0px transparent; vertical-align: baseline; background: 0px 0px; line-height: 25px; word-wrap: break-word;\">Ascorbic Acid</li>\r\n<li style=\"margin: 0px; padding: 0px; border: 0px transparent; vertical-align: baseline; background: 0px 0px; line-height: 25px; word-wrap: break-word;\">Astemizole</li>\r\n</ul>\r\n<div class=\"_space_up\" style=\"margin: 0px; padding: 10px 0px 0px; border: 0px transparent; vertical-align: baseline; background: 0px 0px;\">&nbsp;</div>\r\n</div>\r\n</div>\r\n<div class=\"_visible\" style=\"margin: 0px; padding: 0px 0px 30px; border: 0px transparent; vertical-align: baseline; background-image: initial; background-position: 0px 0px; background-size: initial; background-repeat: initial; background-attachment: initial; background-origin: initial; background-clip: initial;\">\r\n<h2 style=\"margin: 0px 0px 10px; padding: 0px; border: 0px transparent; vertical-align: baseline; background: 0px 0px; color: #3f3f3f;\" data-title=\"contraindications\">A mycin Lotion - Contraindications</h2>\r\n<div style=\"margin: 0px; padding: 0px; border: 0px transparent; vertical-align: baseline; background: 0px 0px; line-height: 24px;\">\r\n<div class=\"_helper\" style=\"margin: 0px; padding: 0px 0px 7px; border: 0px transparent; vertical-align: baseline; background: 0px 0px;\">Hypersensitivity to&nbsp;<a class=\"_self\" style=\"margin: 0px; padding: 0px; border: 0px transparent; vertical-align: baseline; background: 0px 0px; color: #000000; text-decoration-line: none;\" href=\"https://www.tabletwise.com/nigeria/a-mycin-lotion\">A mycin Lotion</a>&nbsp;is a contraindication. In addition,&nbsp;<a class=\"_self\" style=\"margin: 0px; padding: 0px; border: 0px transparent; vertical-align: baseline; background: 0px 0px; color: #000000; text-decoration-line: none;\" href=\"https://www.tabletwise.com/nigeria/a-mycin-lotion\">A mycin Lotion</a>&nbsp;should not be used if you have the following conditions:</div>\r\n<div style=\"margin: 0px; padding: 0px; border: 0px transparent; vertical-align: baseline; background: 0px 0px;\">\r\n<ul style=\"margin: 0px 0px 0px 20px; padding: 0px; border: 0px transparent; vertical-align: baseline; background: 0px 0px;\">\r\n<li style=\"margin: 0px; padding: 0px; border: 0px transparent; vertical-align: baseline; background: 0px 0px; line-height: 25px; word-wrap: break-word;\"><a class=\"_self\" style=\"margin: 0px; padding: 0px; border: 0px transparent; vertical-align: baseline; background: 0px 0px; color: #000000; text-decoration-line: none;\" href=\"https://www.tabletwise.com/nigeria/a-mycin-lotion\">Hypersensitivity</a></li>\r\n<li style=\"margin: 0px; padding: 0px; border: 0px transparent; vertical-align: baseline; background: 0px 0px; line-height: 25px; word-wrap: break-word;\">Pregnancy and lactation</li>\r\n</ul>\r\n</div>\r\n<div class=\"_space_up\" style=\"margin: 0px; padding: 10px 0px 0px; border: 0px transparent; vertical-align: baseline; background: 0px 0px;\">&nbsp;</div>\r\n<h2 class=\"_space_up\" style=\"margin: 0px; padding: 10px 0px 0px; border: 0px transparent; vertical-align: baseline; background: 0px 0px;\"><strong>A mycin Lotion - Frequently asked Questions</strong></h2>\r\n</div>\r\n</div>\r\n<div class=\"_visible\" style=\"margin: 0px; padding: 0px 0px 30px; border: 0px transparent; vertical-align: baseline; background-image: initial; background-position: 0px 0px; background-size: initial; background-repeat: initial; background-attachment: initial; background-origin: initial; background-clip: initial;\">\r\n<div style=\"margin: 0px; padding: 0px; border: 0px transparent; vertical-align: baseline; background: 0px 0px; line-height: 24px;\">\r\n<div style=\"margin: 0px; padding: 0px; border: 0px transparent; vertical-align: baseline; background: 0px 0px;\">\r\n<ul class=\"_faqs\" style=\"margin: 0px 0px 0px 20px; padding: 0px; border: 0px transparent; vertical-align: baseline; background: 0px 0px;\">\r\n<li style=\"margin: 0px; padding: 0px; border: 0px transparent; vertical-align: baseline; background: 0px 0px; line-height: 25px; word-wrap: break-word;\">\r\n<div style=\"margin: 5px 0px 0px; padding: 0px; border: 0px transparent; vertical-align: baseline; background: 0px 0px; font-weight: bold; color: #3f3f3f;\"><strong style=\"margin: 0px; padding: 0px; border: 0px transparent; vertical-align: baseline; background: 0px 0px;\">Is A mycin Lotion safe to consume or apply when pregnant?</strong></div>\r\n<div style=\"margin: 0px; padding: 0px; border: 0px transparent; vertical-align: baseline; background: 0px 0px;\">No</div>\r\n<div style=\"margin: 0px; padding: 0px; border: 0px transparent; vertical-align: baseline; background: 0px 0px;\">&nbsp;</div>\r\n</li>\r\n<li style=\"margin: 0px; padding: 0px; border: 0px transparent; vertical-align: baseline; background: 0px 0px; line-height: 25px; word-wrap: break-word;\">\r\n<div style=\"margin: 5px 0px 0px; padding: 0px; border: 0px transparent; vertical-align: baseline; background: 0px 0px; font-weight: bold; color: #3f3f3f;\"><strong style=\"margin: 0px; padding: 0px; border: 0px transparent; vertical-align: baseline; background: 0px 0px;\">Is A mycin Lotion safe while breastfeeding?</strong></div>\r\n<div style=\"margin: 0px; padding: 0px; border: 0px transparent; vertical-align: baseline; background: 0px 0px;\">No</div>\r\n<div style=\"margin: 0px; padding: 0px; border: 0px transparent; vertical-align: baseline; background: 0px 0px;\">&nbsp;</div>\r\n</li>\r\n<li style=\"margin: 0px; padding: 0px; border: 0px transparent; vertical-align: baseline; background: 0px 0px; line-height: 25px; word-wrap: break-word;\">\r\n<div style=\"margin: 5px 0px 0px; padding: 0px; border: 0px transparent; vertical-align: baseline; background: 0px 0px; font-weight: bold; color: #3f3f3f;\"><strong style=\"margin: 0px; padding: 0px; border: 0px transparent; vertical-align: baseline; background: 0px 0px;\">Is it safe to drive or operate heavy machinery when consuming?</strong></div>\r\n<div style=\"margin: 0px; padding: 0px; border: 0px transparent; vertical-align: baseline; background: 0px 0px;\">If you experience&nbsp;<a class=\"_self\" style=\"margin: 0px; padding: 0px; border: 0px transparent; vertical-align: baseline; background: 0px 0px; color: #000000; text-decoration-line: none;\" href=\"https://www.tabletwise.com/nigeria/a-mycin-lotion\">drowsiness</a>, dizziness, hypotension or a headache as side-effects when using A mycin Lotion medicine then it may not be safe to drive a vehicle or operate heavy machinery. One should not drive a vehicle if using the medicine makes you drowsy, dizzy or lowers your blood-pressure extensively. Pharmacists also advise patients not to drink alcohol with medicines as alcohol intensifies&nbsp;<a class=\"_self\" style=\"margin: 0px; padding: 0px; border: 0px transparent; vertical-align: baseline; background: 0px 0px; color: #000000; text-decoration-line: none;\" href=\"https://www.tabletwise.com/nigeria/a-mycin-lotion\">drowsiness</a>&nbsp;side-effects. Please check for these effects on your body when using A mycin Lotion. Always consult with your doctor for recommendations specific to your body and health conditions.</div>\r\n<div style=\"margin: 0px; padding: 0px; border: 0px transparent; vertical-align: baseline; background: 0px 0px;\">&nbsp;</div>\r\n</li>\r\n<li style=\"margin: 0px; padding: 0px; border: 0px transparent; vertical-align: baseline; background: 0px 0px; line-height: 25px; word-wrap: break-word;\">\r\n<div style=\"margin: 5px 0px 0px; padding: 0px; border: 0px transparent; vertical-align: baseline; background: 0px 0px; font-weight: bold; color: #3f3f3f;\"><strong style=\"margin: 0px; padding: 0px; border: 0px transparent; vertical-align: baseline; background: 0px 0px;\">Is this medicine or product addictive or habit forming?</strong></div>\r\n<div style=\"margin: 0px; padding: 0px; border: 0px transparent; vertical-align: baseline; background: 0px 0px;\">Most medicines don\'t come with a potential for addiction or abuse. Usually, government\'s categorizes medicines that can be addictive as controlled substances. Examples include&nbsp;<a class=\"_self\" style=\"margin: 0px; padding: 0px; border: 0px transparent; vertical-align: baseline; background: 0px 0px; color: #000000; text-decoration-line: none;\" href=\"https://www.tabletwise.com/nigeria/a-mycin-lotion\">schedule</a>&nbsp;H or X in India and&nbsp;<a class=\"_self\" style=\"margin: 0px; padding: 0px; border: 0px transparent; vertical-align: baseline; background: 0px 0px; color: #000000; text-decoration-line: none;\" href=\"https://www.tabletwise.com/nigeria/a-mycin-lotion\">schedule</a>&nbsp;II-V in the US. Please consult the product package to make sure that the medicine does not belong to such special categorizations of medicines. Lastly, do not self-medicate and increase your body\'s dependence to medicines without the advice of a doctor.</div>\r\n<div style=\"margin: 0px; padding: 0px; border: 0px transparent; vertical-align: baseline; background: 0px 0px;\">&nbsp;</div>\r\n</li>\r\n<li style=\"margin: 0px; padding: 0px; border: 0px transparent; vertical-align: baseline; background: 0px 0px; line-height: 25px; word-wrap: break-word;\">\r\n<div style=\"margin: 5px 0px 0px; padding: 0px; border: 0px transparent; vertical-align: baseline; background: 0px 0px; font-weight: bold; color: #3f3f3f;\"><strong style=\"margin: 0px; padding: 0px; border: 0px transparent; vertical-align: baseline; background: 0px 0px;\">Can it be stopped immediately or do I have to slowly ween off consumption?</strong></div>\r\n<div style=\"margin: 0px; padding: 0px; border: 0px transparent; vertical-align: baseline; background: 0px 0px;\">Some medicines need to be tapered or cannot be stopped immediately because of rebound effects. Please consult with your doctor for recommendations specific to your body,&nbsp;<a class=\"_self\" style=\"margin: 0px; padding: 0px; border: 0px transparent; vertical-align: baseline; background: 0px 0px; color: #000000; text-decoration-line: none;\" href=\"https://www.tabletwise.com/nigeria/a-mycin-lotion\">health</a>&nbsp;and other medications that you may be using.</div>\r\n<div style=\"margin: 0px; padding: 0px; border: 0px transparent; vertical-align: baseline; background: 0px 0px;\">&nbsp;</div>\r\n</li>\r\n</ul>\r\n</div>\r\n</div>\r\n</div>\r\n<div class=\"ad_dfp\" style=\"margin: 0px; padding: 0px 0px 30px; border: 0px transparent; vertical-align: baseline; background-image: initial; background-position: 0px 0px; background-size: initial; background-repeat: initial; background-attachment: initial; background-origin: initial; background-clip: initial;\">&nbsp;</div>\r\n<div class=\"_other_info _visible\" style=\"margin: 0px; padding: 0px 0px 30px; border: 0px transparent; vertical-align: baseline; background-image: initial; background-position: 0px 0px; background-size: initial; background-repeat: initial; background-attachment: initial; background-origin: initial; background-clip: initial;\">\r\n<h2 style=\"margin: 0px 0px 10px; padding: 0px; border: 0px transparent; vertical-align: baseline; background: 0px 0px; color: #3f3f3f;\" data-title=\"other_info\">Other important Information on A mycin Lotion</h2>\r\n<div style=\"margin: 0px; padding: 0px 0px 15px; border: 0px transparent; vertical-align: baseline; background: 0px 0px; line-height: 24px;\">\r\n<h3 style=\"margin: 0px 0px 10px; padding: 0px; border: 0px transparent; vertical-align: baseline; background: 0px 0px; color: #3f3f3f;\">Missing a dose</h3>\r\n<div style=\"margin: 0px; padding: 0px; border: 0px transparent; vertical-align: baseline; background: 0px 0px;\">In case you miss a dose, use it as soon as you notice. If it is close to the time of your next dose, skip the missed dose and resume your dosing schedule. Do not use extra dose to make up for a missed dose. If you are regularly missing doses, consider setting an alarm or asking a family member to remind you. Please consult your doctor to discuss changes in your dosing schedule or a new schedule to make up for missed doses, if you have missed too many doses recently.</div>\r\n<div class=\"_refs\" style=\"margin: 0px; padding: 0px; border: 0px transparent; vertical-align: baseline; background: 0px 0px;\">&nbsp;</div>\r\n</div>\r\n<div style=\"margin: 0px; padding: 0px 0px 15px; border: 0px transparent; vertical-align: baseline; background: 0px 0px; line-height: 24px;\">\r\n<h3 style=\"margin: 0px 0px 10px; padding: 0px; border: 0px transparent; vertical-align: baseline; background: 0px 0px; color: #3f3f3f;\">Overdosage of A mycin Lotion</h3>\r\n<div style=\"margin: 0px; padding: 0px; border: 0px transparent; vertical-align: baseline; background: 0px 0px;\">\r\n<ul style=\"margin: 0px 0px 0px 20px; padding: 0px; border: 0px transparent; vertical-align: baseline; background: 0px 0px;\">\r\n<li style=\"margin: 0px; padding: 0px; border: 0px transparent; vertical-align: baseline; background: 0px 0px; line-height: 25px; word-wrap: break-word;\">Do not use more than prescribed dose. Taking more&nbsp;<a class=\"_self\" style=\"margin: 0px; padding: 0px; border: 0px transparent; vertical-align: baseline; background: 0px 0px; color: #000000; text-decoration-line: none;\" href=\"https://www.tabletwise.com/nigeria/a-mycin-lotion\">medication</a>&nbsp;will not improve your symptoms; rather they may cause poisoning or serious side-effects. If you suspect that you or anyone else who may have overdosed of&nbsp;<a class=\"_self\" style=\"margin: 0px; padding: 0px; border: 0px transparent; vertical-align: baseline; background: 0px 0px; color: #000000; text-decoration-line: none;\" href=\"https://www.tabletwise.com/nigeria/a-mycin-lotion\">A mycin Lotion</a>, please go to the emergency department of the closest hospital or nursing home. Bring a medicine box, container, or label with you to help doctors with necessary information.</li>\r\n<li style=\"margin: 0px; padding: 0px; border: 0px transparent; vertical-align: baseline; background: 0px 0px; line-height: 25px; word-wrap: break-word;\">Do not give your medicines to other people even if you know that they have the same&nbsp;<a class=\"_self\" style=\"margin: 0px; padding: 0px; border: 0px transparent; vertical-align: baseline; background: 0px 0px; color: #000000; text-decoration-line: none;\" href=\"https://www.tabletwise.com/nigeria/a-mycin-lotion\">condition</a>&nbsp;or it seems that they may have similar&nbsp;<a class=\"_self\" style=\"margin: 0px; padding: 0px; border: 0px transparent; vertical-align: baseline; background: 0px 0px; color: #000000; text-decoration-line: none;\" href=\"https://www.tabletwise.com/nigeria/a-mycin-lotion\">condition</a>s. This may lead to overdosage.</li>\r\n<li style=\"margin: 0px; padding: 0px; border: 0px transparent; vertical-align: baseline; background: 0px 0px; line-height: 25px; word-wrap: break-word;\">Please consult your physician or pharmacist or product package for more information.</li>\r\n</ul>\r\n</div>\r\n<div class=\"_refs\" style=\"margin: 0px; padding: 0px; border: 0px transparent; vertical-align: baseline; background: 0px 0px;\">&nbsp;</div>\r\n</div>\r\n<div style=\"margin: 0px; padding: 0px 0px 15px; border: 0px transparent; vertical-align: baseline; background: 0px 0px; line-height: 24px;\">\r\n<h3 style=\"margin: 0px 0px 10px; padding: 0px; border: 0px transparent; vertical-align: baseline; background: 0px 0px; color: #3f3f3f;\">Storage of A mycin Lotion</h3>\r\n<div style=\"margin: 0px; padding: 0px; border: 0px transparent; vertical-align: baseline; background: 0px 0px;\">\r\n<ul style=\"margin: 0px 0px 0px 20px; padding: 0px; border: 0px transparent; vertical-align: baseline; background: 0px 0px;\">\r\n<li style=\"margin: 0px; padding: 0px; border: 0px transparent; vertical-align: baseline; background: 0px 0px; line-height: 25px; word-wrap: break-word;\">Store&nbsp;<a class=\"_self\" style=\"margin: 0px; padding: 0px; border: 0px transparent; vertical-align: baseline; background: 0px 0px; color: #000000; text-decoration-line: none;\" href=\"https://www.tabletwise.com/nigeria/a-mycin-lotion\">medicines</a>&nbsp;at room temperature, away from heat and direct light. Do not freeze&nbsp;<a class=\"_self\" style=\"margin: 0px; padding: 0px; border: 0px transparent; vertical-align: baseline; background: 0px 0px; color: #000000; text-decoration-line: none;\" href=\"https://www.tabletwise.com/nigeria/a-mycin-lotion\">medicines</a>&nbsp;unless required by package insert. Keep&nbsp;<a class=\"_self\" style=\"margin: 0px; padding: 0px; border: 0px transparent; vertical-align: baseline; background: 0px 0px; color: #000000; text-decoration-line: none;\" href=\"https://www.tabletwise.com/nigeria/a-mycin-lotion\">medicines</a>&nbsp;away from children and pets.</li>\r\n<li style=\"margin: 0px; padding: 0px; border: 0px transparent; vertical-align: baseline; background: 0px 0px; line-height: 25px; word-wrap: break-word;\">Do not flush medications down the toilet or pour them into drainage unless instructed to do so.&nbsp;<a class=\"_self\" style=\"margin: 0px; padding: 0px; border: 0px transparent; vertical-align: baseline; background: 0px 0px; color: #000000; text-decoration-line: none;\" href=\"https://www.tabletwise.com/nigeria/a-mycin-lotion\">Medication</a>discarded in this manner may contaminate the environment. Please consult your pharmacist or doctor for more details on how to safely discard&nbsp;<a class=\"_self\" style=\"margin: 0px; padding: 0px; border: 0px transparent; vertical-align: baseline; background: 0px 0px; color: #000000; text-decoration-line: none;\" href=\"https://www.tabletwise.com/nigeria/a-mycin-lotion\">A mycin Lotion</a>.</li>\r\n</ul>\r\n</div>\r\n<div class=\"_refs\" style=\"margin: 0px; padding: 0px; border: 0px transparent; vertical-align: baseline; background: 0px 0px;\">&nbsp;</div>\r\n</div>\r\n<div style=\"margin: 0px; padding: 0px 0px 15px; border: 0px transparent; vertical-align: baseline; background: 0px 0px; line-height: 24px;\">\r\n<h3 style=\"margin: 0px 0px 10px; padding: 0px; border: 0px transparent; vertical-align: baseline; background: 0px 0px; color: #3f3f3f;\">Expired A mycin Lotion</h3>\r\n<div style=\"margin: 0px; padding: 0px; border: 0px transparent; vertical-align: baseline; background: 0px 0px;\">\r\n<ul style=\"margin: 0px 0px 0px 20px; padding: 0px; border: 0px transparent; vertical-align: baseline; background: 0px 0px;\">\r\n<li style=\"margin: 0px; padding: 0px; border: 0px transparent; vertical-align: baseline; background: 0px 0px; line-height: 25px; word-wrap: break-word;\">Taking a single dose of expired&nbsp;<a class=\"_self\" style=\"margin: 0px; padding: 0px; border: 0px transparent; vertical-align: baseline; background: 0px 0px; color: #000000; text-decoration-line: none;\" href=\"https://www.tabletwise.com/nigeria/a-mycin-lotion\">A mycin Lotion</a>&nbsp;is unlikely to produce an adverse event. However, please discuss with your primary health provider or pharmacist for proper advice or if you feel unwell or sick. Expired drug may become ineffective in treating your prescribed conditions. To be on the safe side, it is important not to use expired drug. If you have a&nbsp;<a class=\"_self\" style=\"margin: 0px; padding: 0px; border: 0px transparent; vertical-align: baseline; background: 0px 0px; color: #000000; text-decoration-line: none;\" href=\"https://www.tabletwise.com/nigeria/a-mycin-lotion\">chronic illness</a>&nbsp;that requires taking medicine constantly such as heart condition, seizures, and life-threatening allergies, you are much safer keeping in touch with your primary health care provider so that you can have a fresh supply of unexpired medications.</li>\r\n</ul>\r\n</div>\r\n</div>\r\n</div>\r\n</div>\r\n</div>\r\n</div>\r\n</div>', 'Rack 2', 2, 1, 1, 'Mohammad Arman', '2018-06-11 05:28:06', '2018-07-01 22:20:25');
INSERT INTO `ecommerce_products` (`id`, `product_name`, `product_image`, `category_id`, `supplier_id`, `carton_qty`, `box_qty`, `strip_qty`, `piece_qty`, `purchase_rate`, `sale_rate`, `carton_sales_rate`, `box_sales_rate`, `strip_sales_rate`, `piece_sales_rate`, `discount`, `weight`, `manufacturing_date`, `expiry_date`, `description`, `rack_number`, `reorder_level`, `publication_status`, `feature_product`, `created_by`, `created_at`, `updated_at`) VALUES
(3, 'A-MYCIN TABLETS', 'A-mycin_tab_5001530484716.jpg', 1, 6, 0, 1.4, 7, 70, 1900.00, 2000.00, 0, 400, 80, 8, 5.00, '500mg', '2018-07-03', '2020-03-01', '<div class=\"_visible\" style=\"font-family: Arial, \'Helvetica Neue\', Helvetica, sans-serif; margin: 0px; padding: 0px 0px 30px; border: 0px transparent; vertical-align: baseline; background-image: initial; background-position: 0px 0px; background-size: initial; background-repeat: initial; background-attachment: initial; background-origin: initial; background-clip: initial; font-size: 16px;\">\r\n<h2 style=\"margin: 0px 0px 10px; padding: 0px; border: 0px transparent; vertical-align: baseline; background: 0px 0px; color: #3f3f3f;\" data-title=\"overview\">What is A-Mycin?</h2>\r\n<div class=\"_main\" style=\"margin: 0px; padding: 0px; border: 0px transparent; vertical-align: baseline; background: 0px 0px; line-height: 24px;\">\r\n<div class=\"_item\" style=\"margin: 0px 0px 15px; padding: 0px; border: 0px transparent; vertical-align: baseline; background: 0px 0px;\"><a class=\"_self\" style=\"margin: 0px; padding: 0px; border: 0px transparent; vertical-align: baseline; background: 0px 0px; color: #000000; text-decoration-line: none;\" href=\"https://www.tabletwise.com/bangladesh/a-mycin-tablet\">A-Mycin Tablet</a>&nbsp;is used for&nbsp;<a style=\"margin: 0px; padding: 0px; border: 0px transparent; vertical-align: baseline; background: 0px 0px; color: #0a65bb; text-decoration-line: none;\" href=\"https://www.tabletwise.com/health/bacterial-infections\">Bacterial infection</a>&nbsp;and other conditions. A-Mycin Tablet may also be used for purposes not listed in this medication guide.</div>\r\n<div class=\"_item\" style=\"margin: 0px 0px 15px; padding: 0px; border: 0px transparent; vertical-align: baseline; background: 0px 0px;\">A-Mycin Tablet contains&nbsp;<a style=\"margin: 0px; padding: 0px; border: 0px transparent; vertical-align: baseline; background: 0px 0px; color: #0a65bb; text-decoration-line: none;\" href=\"http://www.tabletwise.com/medicine/erythromycin\">Erythromycin</a>&nbsp;as an active ingredient.</div>\r\n<div class=\"_item\" style=\"margin: 0px 0px 15px; padding: 0px; border: 0px transparent; vertical-align: baseline; background: 0px 0px;\">A-Mycin Tablet works by inhibiting the bacterial growth.</div>\r\n<div class=\"_item\" style=\"margin: 0px 0px 15px; padding: 0px; border: 0px transparent; vertical-align: baseline; background: 0px 0px;\"><a style=\"margin: 0px; padding: 0px; border: 0px transparent; vertical-align: baseline; background: 0px 0px; color: #0a65bb; text-decoration-line: none;\" href=\"https://www.tabletwise.com/bangladesh/brand/aristopharma\">Aristopharma</a>&nbsp;manufactures A-Mycin Tablet.</div>\r\n</div>\r\n</div>\r\n<h1>A-Mycin Tablet Uses</h1>\r\n<div class=\"_visible\" style=\"font-family: Arial, \'Helvetica Neue\', Helvetica, sans-serif; margin: 0px; padding: 0px 0px 30px; border: 0px transparent; vertical-align: baseline; background-image: initial; background-position: 0px 0px; background-size: initial; background-repeat: initial; background-attachment: initial; background-origin: initial; background-clip: initial; font-size: 16px;\">\r\n<div style=\"margin: 0px; padding: 0px; border: 0px transparent; vertical-align: baseline; background: 0px 0px; line-height: 24px;\">\r\n<div class=\"_helper\" style=\"margin: 0px; padding: 0px 0px 7px; border: 0px transparent; vertical-align: baseline; background: 0px 0px;\"><a class=\"_self\" style=\"margin: 0px; padding: 0px; border: 0px transparent; vertical-align: baseline; background: 0px 0px; color: #000000; text-decoration-line: none;\" href=\"https://www.tabletwise.com/bangladesh/a-mycin-tablet\">A-Mycin Tablet</a>&nbsp;is used for the treatment, control, prevention, &amp; improvement of the following diseases, conditions and symptoms:</div>\r\n<ul class=\"_uses\" style=\"margin: 0px 0px 0px 20px; padding: 0px; border: 0px transparent; vertical-align: baseline; background: 0px 0px;\">\r\n<li style=\"margin: 0px; padding: 0px; border: 0px transparent; vertical-align: baseline; background: 0px 0px; line-height: 25px; word-wrap: break-word;\"><a style=\"margin: 0px; padding: 0px; border: 0px transparent; vertical-align: baseline; background: 0px 0px; color: #0a65bb; text-decoration-line: none;\" href=\"https://www.tabletwise.com/health/bacterial-infections\">Bacterial infection</a></li>\r\n<li style=\"margin: 0px; padding: 0px; border: 0px transparent; vertical-align: baseline; background: 0px 0px; line-height: 25px; word-wrap: break-word;\"><a class=\"_self\" style=\"margin: 0px; padding: 0px; border: 0px transparent; vertical-align: baseline; background: 0px 0px; color: #000000; text-decoration-line: none;\" href=\"https://www.tabletwise.com/bangladesh/a-mycin-tablet\">A-Mycin Tablet</a>&nbsp;may also be used for purposes not listed here.</li>\r\n</ul>\r\n</div>\r\n</div>\r\n<div class=\"_visible\" style=\"font-family: Arial, \'Helvetica Neue\', Helvetica, sans-serif; margin: 0px; padding: 0px 0px 30px; border: 0px transparent; vertical-align: baseline; background-image: initial; background-position: 0px 0px; background-size: initial; background-repeat: initial; background-attachment: initial; background-origin: initial; background-clip: initial; font-size: 16px;\">\r\n<h2 style=\"margin: 0px 0px 10px; padding: 0px; border: 0px transparent; vertical-align: baseline; background: 0px 0px; color: #3f3f3f;\" data-title=\"composition\">A-Mycin Tablet - Composition and Active Ingredients</h2>\r\n<div style=\"margin: 0px; padding: 0px; border: 0px transparent; vertical-align: baseline; background: 0px 0px; line-height: 24px;\">\r\n<div class=\"_helper\" style=\"margin: 0px; padding: 0px 0px 7px; border: 0px transparent; vertical-align: baseline; background: 0px 0px;\"><a class=\"_self\" style=\"margin: 0px; padding: 0px; border: 0px transparent; vertical-align: baseline; background: 0px 0px; color: #000000; text-decoration-line: none;\" href=\"https://www.tabletwise.com/bangladesh/a-mycin-tablet\">A-Mycin Tablet</a>&nbsp;is composed of the following active ingredients (salts)</div>\r\n<ul style=\"margin: 0px 0px 0px 20px; padding: 0px; border: 0px transparent; vertical-align: baseline; background: 0px 0px;\">\r\n<li style=\"margin: 0px; padding: 0px; border: 0px transparent; vertical-align: baseline; background: 0px 0px; line-height: 25px; word-wrap: break-word;\"><a style=\"margin: 0px; padding: 0px; border: 0px transparent; vertical-align: baseline; background: 0px 0px; color: #0a65bb; text-decoration-line: none;\" href=\"http://www.tabletwise.com/medicine/erythromycin\">Erythromycin - 250Mg</a></li>\r\n</ul>\r\n<div class=\"_helper\" style=\"margin: 0px; padding: 0px 0px 7px; border: 0px transparent; vertical-align: baseline; background: 0px 0px;\">Please note that this medicine may be available in various strengths for each active ingredient listed above.</div>\r\n</div>\r\n</div>\r\n<div class=\"_visible\" style=\"font-family: Arial, \'Helvetica Neue\', Helvetica, sans-serif; margin: 0px; padding: 0px 0px 30px; border: 0px transparent; vertical-align: baseline; background-image: initial; background-position: 0px 0px; background-size: initial; background-repeat: initial; background-attachment: initial; background-origin: initial; background-clip: initial; font-size: 16px;\">\r\n<h2 style=\"margin: 0px 0px 10px; padding: 0px; border: 0px transparent; vertical-align: baseline; background: 0px 0px; color: #3f3f3f;\" data-title=\"side-effects\">A-Mycin Tablet - Side-effects</h2>\r\n<div style=\"margin: 0px; padding: 0px; border: 0px transparent; vertical-align: baseline; background: 0px 0px; line-height: 24px;\">\r\n<div class=\"_helper\" style=\"margin: 0px; padding: 0px 0px 7px; border: 0px transparent; vertical-align: baseline; background: 0px 0px;\">The following is a list of possible&nbsp;<a class=\"_self\" style=\"margin: 0px; padding: 0px; border: 0px transparent; vertical-align: baseline; background: 0px 0px; color: #000000; text-decoration-line: none;\" href=\"https://www.tabletwise.com/bangladesh/a-mycin-tablet\">side-effects</a>&nbsp;that may occur from all constituting ingredients of&nbsp;<a class=\"_self\" style=\"margin: 0px; padding: 0px; border: 0px transparent; vertical-align: baseline; background: 0px 0px; color: #000000; text-decoration-line: none;\" href=\"https://www.tabletwise.com/bangladesh/a-mycin-tablet\">A-Mycin Tablet</a>. This is not a comprehensive list. These side-effects are possible, but do not always occur. Some of the side-effects may be rare but serious. Consult your doctor if you observe any of the following side-effects, especially if they do not go away.</div>\r\n<ul class=\"_side_effects\" style=\"margin: 0px 0px 0px 20px; padding: 0px; border: 0px transparent; vertical-align: baseline; background: 0px 0px;\">\r\n<li style=\"margin: 0px; padding: 0px; border: 0px transparent; vertical-align: baseline; background: 0px 0px; line-height: 25px; word-wrap: break-word;\"><a style=\"margin: 0px; padding: 0px; border: 0px transparent; vertical-align: baseline; background: 0px 0px; color: #0a65bb; text-decoration-line: none;\" href=\"https://www.tabletwise.com/health/nausea-and-vomiting\">Nausea</a></li>\r\n<li style=\"margin: 0px; padding: 0px; border: 0px transparent; vertical-align: baseline; background: 0px 0px; line-height: 25px; word-wrap: break-word;\"><a style=\"margin: 0px; padding: 0px; border: 0px transparent; vertical-align: baseline; background: 0px 0px; color: #0a65bb; text-decoration-line: none;\" href=\"https://www.tabletwise.com/health/nausea-and-vomiting\">Vomiting</a></li>\r\n<li style=\"margin: 0px; padding: 0px; border: 0px transparent; vertical-align: baseline; background: 0px 0px; line-height: 25px; word-wrap: break-word;\"><a style=\"margin: 0px; padding: 0px; border: 0px transparent; vertical-align: baseline; background: 0px 0px; color: #0a65bb; text-decoration-line: none;\" href=\"https://www.tabletwise.com/health/abdominal-pain\">Abdominal pain</a></li>\r\n<li style=\"margin: 0px; padding: 0px; border: 0px transparent; vertical-align: baseline; background: 0px 0px; line-height: 25px; word-wrap: break-word;\"><a style=\"margin: 0px; padding: 0px; border: 0px transparent; vertical-align: baseline; background: 0px 0px; color: #0a65bb; text-decoration-line: none;\" href=\"https://www.tabletwise.com/health/diarrhea\">Diarrhea</a></li>\r\n<li style=\"margin: 0px; padding: 0px; border: 0px transparent; vertical-align: baseline; background: 0px 0px; line-height: 25px; word-wrap: break-word;\"><a style=\"margin: 0px; padding: 0px; border: 0px transparent; vertical-align: baseline; background: 0px 0px; color: #0a65bb; text-decoration-line: none;\" href=\"https://www.tabletwise.com/health/eating-disorders\">Anorexia</a></li>\r\n<li style=\"margin: 0px; padding: 0px; border: 0px transparent; vertical-align: baseline; background: 0px 0px; line-height: 25px; word-wrap: break-word;\"><a style=\"margin: 0px; padding: 0px; border: 0px transparent; vertical-align: baseline; background: 0px 0px; color: #0a65bb; text-decoration-line: none;\" href=\"https://www.tabletwise.com/health/arrhythmia\">Ventricular arrhythmias</a></li>\r\n<li style=\"margin: 0px; padding: 0px; border: 0px transparent; vertical-align: baseline; background: 0px 0px; line-height: 25px; word-wrap: break-word;\"><a class=\"_self\" style=\"margin: 0px; padding: 0px; border: 0px transparent; vertical-align: baseline; background: 0px 0px; color: #000000; text-decoration-line: none;\" href=\"https://www.tabletwise.com/bangladesh/a-mycin-tablet\">A-Mycin Tablet</a>&nbsp;may also cause side-effects not listed here.</li>\r\n</ul>\r\n<div class=\"_space_up _none\" style=\"margin: 0px; padding: 10px 0px 0px; border: 0px transparent; vertical-align: baseline; background: 0px 0px; color: #5f5f5f; font-style: italic;\">If you notice other&nbsp;<a class=\"_self\" style=\"margin: 0px; padding: 0px; border: 0px transparent; vertical-align: baseline; background: 0px 0px; color: #5f5f5f; text-decoration-line: none;\" href=\"https://www.tabletwise.com/bangladesh/a-mycin-tablet\">side-effects</a>&nbsp;not listed above, contact your doctor for medical advice. You may also report&nbsp;<a class=\"_self\" style=\"margin: 0px; padding: 0px; border: 0px transparent; vertical-align: baseline; background: 0px 0px; color: #5f5f5f; text-decoration-line: none;\" href=\"https://www.tabletwise.com/bangladesh/a-mycin-tablet\">side-effects</a>&nbsp;to your local food and drug administration authority.</div>\r\n<div class=\"_space_up\" style=\"margin: 0px; padding: 10px 0px 0px; border: 0px transparent; vertical-align: baseline; background: 0px 0px;\">References:&nbsp;<a style=\"margin: 0px; padding: 0px; border: 0px transparent; vertical-align: baseline; background: 0px 0px; color: #0a65bb; text-decoration-line: none;\" href=\"https://www.tabletwise.com/bangladesh/a-mycin-tablet#ref1\">1</a></div>\r\n<div class=\"_space_up _report_button\" style=\"margin: 0px; padding: 10px 0px 0px; border: 0px transparent; vertical-align: baseline; background: 0px 0px;\"><form class=\"report_form form_any_sideeffect\" style=\"margin: 0px; padding: 0px; border: 0px transparent; vertical-align: baseline; background: 0px 0px; display: inline-block;\" action=\"https://www.tabletwise.com/bangladesh/a-mycin-tablet/report\" target=\"_blank\"><button class=\"button_checkout report_dialog_button\" style=\"font-family: \'Helvetica Neue\', Helvetica, Arial, sans-serif; overflow: visible; border-radius: 3px; box-shadow: none; cursor: pointer; padding: 5px; font-size: 15px; background-color: #ffd34e; color: #3f3f3f; line-height: 15px; border: 1px solid #edc13d;\" type=\"submit\">Report Side-effects&nbsp;<span style=\"font-family: Arial, \'Helvetica Neue\', Helvetica, sans-serif; margin: 0px; padding: 0px; border: 0px transparent; vertical-align: baseline; background: 0px 0px; font-size: 17px;\">&raquo;</span></button></form></div>\r\n<div class=\"_space_up\" style=\"margin: 0px; padding: 10px 0px 0px; border: 0px transparent; vertical-align: baseline; background: 0px 0px;\">Learn more:&nbsp;<a style=\"margin: 0px; padding: 0px; border: 0px transparent; vertical-align: baseline; background: 0px 0px; color: #0a65bb; text-decoration-line: none;\" href=\"https://www.tabletwise.com/bangladesh/a-mycin-tablet/side-effects\"><strong style=\"margin: 0px; padding: 0px; border: 0px transparent; vertical-align: baseline; background: 0px 0px;\">Side-effects</strong></a></div>\r\n</div>\r\n</div>\r\n<div class=\"_visible _above_ad\" style=\"font-family: Arial, \'Helvetica Neue\', Helvetica, sans-serif; margin: 0px; padding: 0px 0px 30px; border: 0px transparent; vertical-align: baseline; background-image: initial; background-position: 0px 0px; background-size: initial; background-repeat: initial; background-attachment: initial; background-origin: initial; background-clip: initial; font-size: 16px;\">\r\n<h2 style=\"margin: 0px 0px 10px; padding: 0px; border: 0px transparent; vertical-align: baseline; background: 0px 0px; color: #3f3f3f;\" data-title=\"working\">A-Mycin Tablet Working, Mechanism of Action and Pharmacology</h2>\r\n<div style=\"margin: 0px; padding: 0px; border: 0px transparent; vertical-align: baseline; background: 0px 0px; line-height: 24px;\">\r\n<div class=\"_helper\" style=\"margin: 0px; padding: 0px 0px 7px; border: 0px transparent; vertical-align: baseline; background: 0px 0px;\"><a class=\"_self\" style=\"margin: 0px; padding: 0px; border: 0px transparent; vertical-align: baseline; background: 0px 0px; color: #000000; text-decoration-line: none;\" href=\"https://www.tabletwise.com/bangladesh/a-mycin-tablet\">A-Mycin Tablet</a>&nbsp;improves the patient\'s condition by performing the following functions:</div>\r\n<ul style=\"margin: 0px 0px 0px 20px; padding: 0px; border: 0px transparent; vertical-align: baseline; background: 0px 0px;\">\r\n<li style=\"margin: 0px; padding: 0px; border: 0px transparent; vertical-align: baseline; background: 0px 0px; line-height: 25px; word-wrap: break-word;\"><a class=\"_self\" style=\"margin: 0px; padding: 0px; border: 0px transparent; vertical-align: baseline; background: 0px 0px; color: #000000; text-decoration-line: none;\" href=\"https://www.tabletwise.com/bangladesh/a-mycin-tablet\">Inhibiting the bacterial growth.</a></li>\r\n</ul>\r\n<div class=\"_space_up\" style=\"margin: 0px; padding: 10px 0px 0px; border: 0px transparent; vertical-align: baseline; background: 0px 0px;\">References:&nbsp;<a style=\"margin: 0px; padding: 0px; border: 0px transparent; vertical-align: baseline; background: 0px 0px; color: #0a65bb; text-decoration-line: none;\" href=\"https://www.tabletwise.com/bangladesh/a-mycin-tablet#ref1\">1</a></div>\r\n</div>\r\n</div>\r\n<div class=\"ad_dfp\" style=\"font-family: Arial, \'Helvetica Neue\', Helvetica, sans-serif; margin: 0px; padding: 0px 0px 30px; border: 0px transparent; vertical-align: baseline; background-image: initial; background-position: 0px 0px; background-size: initial; background-repeat: initial; background-attachment: initial; background-origin: initial; background-clip: initial; font-size: 16px;\">&nbsp;</div>\r\n<div class=\"_visible\" style=\"font-family: Arial, \'Helvetica Neue\', Helvetica, sans-serif; margin: 0px; padding: 0px 0px 30px; border: 0px transparent; vertical-align: baseline; background-image: initial; background-position: 0px 0px; background-size: initial; background-repeat: initial; background-attachment: initial; background-origin: initial; background-clip: initial; font-size: 16px;\">\r\n<h2 style=\"margin: 0px 0px 10px; padding: 0px; border: 0px transparent; vertical-align: baseline; background: 0px 0px; color: #3f3f3f;\" data-title=\"precautions\">A-Mycin Tablet - Precautions &amp; How to Use</h2>\r\n<div style=\"margin: 0px; padding: 0px; border: 0px transparent; vertical-align: baseline; background: 0px 0px; line-height: 24px;\">\r\n<div class=\"_helper\" style=\"margin: 0px; padding: 0px 0px 7px; border: 0px transparent; vertical-align: baseline; background: 0px 0px;\">Before using&nbsp;<a class=\"_self\" style=\"margin: 0px; padding: 0px; border: 0px transparent; vertical-align: baseline; background: 0px 0px; color: #000000; text-decoration-line: none;\" href=\"https://www.tabletwise.com/bangladesh/a-mycin-tablet\">A-Mycin Tablet</a>, inform your doctor about your current list of medications, over the counter products (e.g. vitamins, herbal supplements, etc.), allergies, pre-existing diseases, and current health conditions (e.g. pregnancy, upcoming surgery, etc.). Some health conditions may make you more susceptible to the side-effects of the drug. Take as directed by your doctor or follow the direction printed on the product insert. Dosage is based on your condition. Tell your doctor if your condition persists or worsens. Important counseling points are listed below.</div>\r\n<div style=\"margin: 0px; padding: 0px; border: 0px transparent; vertical-align: baseline; background: 0px 0px;\">\r\n<ul style=\"margin: 0px 0px 0px 20px; padding: 0px; border: 0px transparent; vertical-align: baseline; background: 0px 0px;\">\r\n<li style=\"margin: 0px; padding: 0px; border: 0px transparent; vertical-align: baseline; background: 0px 0px; line-height: 25px; word-wrap: break-word;\"><a class=\"_self\" style=\"margin: 0px; padding: 0px; border: 0px transparent; vertical-align: baseline; background: 0px 0px; color: #000000; text-decoration-line: none;\" href=\"https://www.tabletwise.com/bangladesh/a-mycin-tablet\">Allergic reactions</a></li>\r\n<li style=\"margin: 0px; padding: 0px; border: 0px transparent; vertical-align: baseline; background: 0px 0px; line-height: 25px; word-wrap: break-word;\">Avoid overdosing as this medication is not removed by dialysis</li>\r\n<li style=\"margin: 0px; padding: 0px; border: 0px transparent; vertical-align: baseline; background: 0px 0px; line-height: 25px; word-wrap: break-word;\">Do not skip doses</li>\r\n<li style=\"margin: 0px; padding: 0px; border: 0px transparent; vertical-align: baseline; background: 0px 0px; line-height: 25px; word-wrap: break-word;\">Keep away from the eyes, nose, mouth and other mucous membranes</li>\r\n<li style=\"margin: 0px; padding: 0px; border: 0px transparent; vertical-align: baseline; background: 0px 0px; line-height: 25px; word-wrap: break-word;\">Liver or heart problem</li>\r\n<li style=\"margin: 0px; padding: 0px; border: 0px transparent; vertical-align: baseline; background: 0px 0px; line-height: 25px; word-wrap: break-word;\">Mental illness, epilepsy or heart failure drugs</li>\r\n<li style=\"margin: 0px; padding: 0px; border: 0px transparent; vertical-align: baseline; background: 0px 0px; line-height: 25px; word-wrap: break-word;\">Migraine</li>\r\n<li style=\"margin: 0px; padding: 0px; border: 0px transparent; vertical-align: baseline; background: 0px 0px; line-height: 25px; word-wrap: break-word;\">Myasthenia gravis</li>\r\n<li style=\"margin: 0px; padding: 0px; border: 0px transparent; vertical-align: baseline; background: 0px 0px; line-height: 25px; word-wrap: break-word;\">Raised bad lipids in your blood</li>\r\n<li style=\"margin: 0px; padding: 0px; border: 0px transparent; vertical-align: baseline; background: 0px 0px; line-height: 25px; word-wrap: break-word;\">This medication can increase QT prolongation</li>\r\n</ul>\r\n</div>\r\n<div class=\"_space_up\" style=\"margin: 0px; padding: 10px 0px 0px; border: 0px transparent; vertical-align: baseline; background: 0px 0px;\">References:&nbsp;<a style=\"margin: 0px; padding: 0px; border: 0px transparent; vertical-align: baseline; background: 0px 0px; color: #0a65bb; text-decoration-line: none;\" href=\"https://www.tabletwise.com/bangladesh/a-mycin-tablet#ref1\">1</a>,&nbsp;<a style=\"margin: 0px; padding: 0px; border: 0px transparent; vertical-align: baseline; background: 0px 0px; color: #0a65bb; text-decoration-line: none;\" href=\"https://www.tabletwise.com/bangladesh/a-mycin-tablet#ref1\">1</a></div>\r\n<div class=\"_space_up\" style=\"margin: 0px; padding: 10px 0px 0px; border: 0px transparent; vertical-align: baseline; background: 0px 0px;\">Learn more:&nbsp;<a style=\"margin: 0px; padding: 0px; border: 0px transparent; vertical-align: baseline; background: 0px 0px; color: #0a65bb; text-decoration-line: none;\" href=\"https://www.tabletwise.com/bangladesh/a-mycin-tablet/precautions\"><strong style=\"margin: 0px; padding: 0px; border: 0px transparent; vertical-align: baseline; background: 0px 0px;\">Precautions &amp; How to Use</strong></a></div>\r\n</div>\r\n</div>\r\n<div class=\"ad_dfp\" style=\"font-family: Arial, \'Helvetica Neue\', Helvetica, sans-serif; margin: 0px; padding: 0px 0px 30px; border: 0px transparent; vertical-align: baseline; background-image: initial; background-position: 0px 0px; background-size: initial; background-repeat: initial; background-attachment: initial; background-origin: initial; background-clip: initial; font-size: 16px;\">&nbsp;</div>\r\n<div class=\"_visible\" style=\"font-family: Arial, \'Helvetica Neue\', Helvetica, sans-serif; margin: 0px; padding: 0px 0px 30px; border: 0px transparent; vertical-align: baseline; background-image: initial; background-position: 0px 0px; background-size: initial; background-repeat: initial; background-attachment: initial; background-origin: initial; background-clip: initial; font-size: 16px;\">\r\n<h2 style=\"margin: 0px 0px 10px; padding: 0px; border: 0px transparent; vertical-align: baseline; background: 0px 0px; color: #3f3f3f;\" data-title=\"interactions\">A-Mycin Tablet - Drug Interactions</h2>\r\n<div style=\"margin: 0px; padding: 0px; border: 0px transparent; vertical-align: baseline; background: 0px 0px; line-height: 24px;\">\r\n<div class=\"_helper\" style=\"margin: 0px; padding: 0px 0px 7px; border: 0px transparent; vertical-align: baseline; background: 0px 0px;\">If you use other drugs or over the counter products at the same time, the effects of&nbsp;<a class=\"_self\" style=\"margin: 0px; padding: 0px; border: 0px transparent; vertical-align: baseline; background: 0px 0px; color: #000000; text-decoration-line: none;\" href=\"https://www.tabletwise.com/bangladesh/a-mycin-tablet\">A-Mycin Tablet</a>&nbsp;may change. This may increase your risk for side-effects or cause your drug not to work properly. Tell your doctor about all the drugs, vitamins, and herbal supplements you are using, so that you doctor can help you prevent or manage drug interactions.&nbsp;<a class=\"_self\" style=\"margin: 0px; padding: 0px; border: 0px transparent; vertical-align: baseline; background: 0px 0px; color: #000000; text-decoration-line: none;\" href=\"https://www.tabletwise.com/bangladesh/a-mycin-tablet\">A-Mycin Tablet</a>&nbsp;may interact with the following drugs and products:</div>\r\n<ul style=\"margin: 0px 0px 0px 20px; padding: 0px; border: 0px transparent; vertical-align: baseline; background: 0px 0px;\">\r\n<li style=\"margin: 0px; padding: 0px; border: 0px transparent; vertical-align: baseline; background: 0px 0px; line-height: 25px; word-wrap: break-word;\"><a class=\"_self\" style=\"margin: 0px; padding: 0px; border: 0px transparent; vertical-align: baseline; background: 0px 0px; color: #000000; text-decoration-line: none;\" href=\"https://www.tabletwise.com/bangladesh/a-mycin-tablet\">Acetazolamide</a></li>\r\n<li style=\"margin: 0px; padding: 0px; border: 0px transparent; vertical-align: baseline; background: 0px 0px; line-height: 25px; word-wrap: break-word;\">Alcohol</li>\r\n<li style=\"margin: 0px; padding: 0px; border: 0px transparent; vertical-align: baseline; background: 0px 0px; line-height: 25px; word-wrap: break-word;\">Alprazolam</li>\r\n<li style=\"margin: 0px; padding: 0px; border: 0px transparent; vertical-align: baseline; background: 0px 0px; line-height: 25px; word-wrap: break-word;\">Amiodarone</li>\r\n<li style=\"margin: 0px; padding: 0px; border: 0px transparent; vertical-align: baseline; background: 0px 0px; line-height: 25px; word-wrap: break-word;\">Amlodipine</li>\r\n<li style=\"margin: 0px; padding: 0px; border: 0px transparent; vertical-align: baseline; background: 0px 0px; line-height: 25px; word-wrap: break-word;\">Amprenavir</li>\r\n<li style=\"margin: 0px; padding: 0px; border: 0px transparent; vertical-align: baseline; background: 0px 0px; line-height: 25px; word-wrap: break-word;\">Artemisinin</li>\r\n<li style=\"margin: 0px; padding: 0px; border: 0px transparent; vertical-align: baseline; background: 0px 0px; line-height: 25px; word-wrap: break-word;\">Artesunate</li>\r\n<li style=\"margin: 0px; padding: 0px; border: 0px transparent; vertical-align: baseline; background: 0px 0px; line-height: 25px; word-wrap: break-word;\">Ascorbic Acid</li>\r\n<li style=\"margin: 0px; padding: 0px; border: 0px transparent; vertical-align: baseline; background: 0px 0px; line-height: 25px; word-wrap: break-word;\">Astemizole</li>\r\n</ul>\r\n<div class=\"_space_up\" style=\"margin: 0px; padding: 10px 0px 0px; border: 0px transparent; vertical-align: baseline; background: 0px 0px;\">References:&nbsp;<a style=\"margin: 0px; padding: 0px; border: 0px transparent; vertical-align: baseline; background: 0px 0px; color: #0a65bb; text-decoration-line: none;\" href=\"https://www.tabletwise.com/bangladesh/a-mycin-tablet#ref1\">1</a></div>\r\n<div class=\"_space_up\" style=\"margin: 0px; padding: 10px 0px 0px; border: 0px transparent; vertical-align: baseline; background: 0px 0px;\">Learn more:&nbsp;<a style=\"margin: 0px; padding: 0px; border: 0px transparent; vertical-align: baseline; background: 0px 0px; color: #0a65bb; text-decoration-line: none;\" href=\"https://www.tabletwise.com/bangladesh/a-mycin-tablet/interactions\"><strong style=\"margin: 0px; padding: 0px; border: 0px transparent; vertical-align: baseline; background: 0px 0px;\">Interactions</strong></a></div>\r\n</div>\r\n</div>\r\n<div class=\"_visible\" style=\"font-family: Arial, \'Helvetica Neue\', Helvetica, sans-serif; margin: 0px; padding: 0px 0px 30px; border: 0px transparent; vertical-align: baseline; background-image: initial; background-position: 0px 0px; background-size: initial; background-repeat: initial; background-attachment: initial; background-origin: initial; background-clip: initial; font-size: 16px;\">\r\n<h2 style=\"margin: 0px 0px 10px; padding: 0px; border: 0px transparent; vertical-align: baseline; background: 0px 0px; color: #3f3f3f;\" data-title=\"contraindications\">A-Mycin Tablet - Contraindications</h2>\r\n<div style=\"margin: 0px; padding: 0px; border: 0px transparent; vertical-align: baseline; background: 0px 0px; line-height: 24px;\">\r\n<div class=\"_helper\" style=\"margin: 0px; padding: 0px 0px 7px; border: 0px transparent; vertical-align: baseline; background: 0px 0px;\">Hypersensitivity to&nbsp;<a class=\"_self\" style=\"margin: 0px; padding: 0px; border: 0px transparent; vertical-align: baseline; background: 0px 0px; color: #000000; text-decoration-line: none;\" href=\"https://www.tabletwise.com/bangladesh/a-mycin-tablet\">A-Mycin Tablet</a>&nbsp;is a contraindication. In addition,&nbsp;<a class=\"_self\" style=\"margin: 0px; padding: 0px; border: 0px transparent; vertical-align: baseline; background: 0px 0px; color: #000000; text-decoration-line: none;\" href=\"https://www.tabletwise.com/bangladesh/a-mycin-tablet\">A-Mycin Tablet</a>&nbsp;should not be used if you have the following conditions:</div>\r\n<div style=\"margin: 0px; padding: 0px; border: 0px transparent; vertical-align: baseline; background: 0px 0px;\">\r\n<ul style=\"margin: 0px 0px 0px 20px; padding: 0px; border: 0px transparent; vertical-align: baseline; background: 0px 0px;\">\r\n<li style=\"margin: 0px; padding: 0px; border: 0px transparent; vertical-align: baseline; background: 0px 0px; line-height: 25px; word-wrap: break-word;\"><a class=\"_self\" style=\"margin: 0px; padding: 0px; border: 0px transparent; vertical-align: baseline; background: 0px 0px; color: #000000; text-decoration-line: none;\" href=\"https://www.tabletwise.com/bangladesh/a-mycin-tablet\">Hypersensitivity</a></li>\r\n<li style=\"margin: 0px; padding: 0px; border: 0px transparent; vertical-align: baseline; background: 0px 0px; line-height: 25px; word-wrap: break-word;\">Pregnancy and lactation</li>\r\n</ul>\r\n</div>\r\n<div class=\"_space_up\" style=\"margin: 0px; padding: 10px 0px 0px; border: 0px transparent; vertical-align: baseline; background: 0px 0px;\">References:&nbsp;<a style=\"margin: 0px; padding: 0px; border: 0px transparent; vertical-align: baseline; background: 0px 0px; color: #0a65bb; text-decoration-line: none;\" href=\"https://www.tabletwise.com/bangladesh/a-mycin-tablet#ref1\">1</a></div>\r\n<div class=\"_space_up\" style=\"margin: 0px; padding: 10px 0px 0px; border: 0px transparent; vertical-align: baseline; background: 0px 0px;\">Learn more:&nbsp;<a style=\"margin: 0px; padding: 0px; border: 0px transparent; vertical-align: baseline; background: 0px 0px; color: #0a65bb; text-decoration-line: none;\" href=\"https://www.tabletwise.com/bangladesh/a-mycin-tablet/contraindications\"><strong style=\"margin: 0px; padding: 0px; border: 0px transparent; vertical-align: baseline; background: 0px 0px;\">Contraindications</strong></a></div>\r\n</div>\r\n</div>\r\n<div class=\"hospital_review_visited _additional _visible\" style=\"font-family: Arial, \'Helvetica Neue\', Helvetica, sans-serif; margin: 0px; padding: 0px 0px 30px; border: 0px transparent; vertical-align: baseline; background-image: initial; background-position: 0px 0px; background-size: initial; background-repeat: initial; background-attachment: initial; background-origin: initial; background-clip: initial; font-size: 16px;\">&nbsp;</div>\r\n<div class=\"ad_dfp\" style=\"font-family: Arial, \'Helvetica Neue\', Helvetica, sans-serif; margin: 0px; padding: 0px 0px 30px; border: 0px transparent; vertical-align: baseline; background-image: initial; background-position: 0px 0px; background-size: initial; background-repeat: initial; background-attachment: initial; background-origin: initial; background-clip: initial; font-size: 16px;\">&nbsp;</div>\r\n<div class=\"_visible\" style=\"font-family: Arial, \'Helvetica Neue\', Helvetica, sans-serif; margin: 0px; padding: 0px 0px 30px; border: 0px transparent; vertical-align: baseline; background-image: initial; background-position: 0px 0px; background-size: initial; background-repeat: initial; background-attachment: initial; background-origin: initial; background-clip: initial; font-size: 16px;\">\r\n<h2 style=\"margin: 0px 0px 10px; padding: 0px; border: 0px transparent; vertical-align: baseline; background: 0px 0px; color: #3f3f3f;\" data-title=\"faqs\">A-Mycin Tablet - Frequently asked Questions</h2>\r\n<div style=\"margin: 0px; padding: 0px; border: 0px transparent; vertical-align: baseline; background: 0px 0px; line-height: 24px;\">\r\n<div style=\"margin: 0px; padding: 0px; border: 0px transparent; vertical-align: baseline; background: 0px 0px;\">\r\n<ul class=\"_faqs\" style=\"margin: 0px 0px 0px 20px; padding: 0px; border: 0px transparent; vertical-align: baseline; background: 0px 0px;\">\r\n<li style=\"margin: 0px; padding: 0px; border: 0px transparent; vertical-align: baseline; background: 0px 0px; line-height: 25px; word-wrap: break-word;\">\r\n<div style=\"margin: 5px 0px 0px; padding: 0px; border: 0px transparent; vertical-align: baseline; background: 0px 0px; font-weight: bold; color: #3f3f3f;\"><strong style=\"margin: 0px; padding: 0px; border: 0px transparent; vertical-align: baseline; background: 0px 0px;\">Is A-Mycin Tablet safe to consume or apply when pregnant?</strong></div>\r\n<div style=\"margin: 0px; padding: 0px; border: 0px transparent; vertical-align: baseline; background: 0px 0px;\">No</div>\r\n<div style=\"margin: 0px; padding: 0px; border: 0px transparent; vertical-align: baseline; background: 0px 0px;\">References:&nbsp;<a style=\"margin: 0px; padding: 0px; border: 0px transparent; vertical-align: baseline; background: 0px 0px; color: #0a65bb; text-decoration-line: none;\" href=\"https://www.tabletwise.com/bangladesh/a-mycin-tablet#ref1\">1</a></div>\r\n</li>\r\n<li style=\"margin: 0px; padding: 0px; border: 0px transparent; vertical-align: baseline; background: 0px 0px; line-height: 25px; word-wrap: break-word;\">\r\n<div style=\"margin: 5px 0px 0px; padding: 0px; border: 0px transparent; vertical-align: baseline; background: 0px 0px; font-weight: bold; color: #3f3f3f;\"><strong style=\"margin: 0px; padding: 0px; border: 0px transparent; vertical-align: baseline; background: 0px 0px;\">Is A-Mycin Tablet safe while breastfeeding?</strong></div>\r\n<div style=\"margin: 0px; padding: 0px; border: 0px transparent; vertical-align: baseline; background: 0px 0px;\">No</div>\r\n<div style=\"margin: 0px; padding: 0px; border: 0px transparent; vertical-align: baseline; background: 0px 0px;\">References:&nbsp;<a style=\"margin: 0px; padding: 0px; border: 0px transparent; vertical-align: baseline; background: 0px 0px; color: #0a65bb; text-decoration-line: none;\" href=\"https://www.tabletwise.com/bangladesh/a-mycin-tablet#ref1\">1</a></div>\r\n</li>\r\n<li style=\"margin: 0px; padding: 0px; border: 0px transparent; vertical-align: baseline; background: 0px 0px; line-height: 25px; word-wrap: break-word;\">\r\n<div style=\"margin: 5px 0px 0px; padding: 0px; border: 0px transparent; vertical-align: baseline; background: 0px 0px; font-weight: bold; color: #3f3f3f;\"><strong style=\"margin: 0px; padding: 0px; border: 0px transparent; vertical-align: baseline; background: 0px 0px;\">Is it safe to drive or operate heavy machinery when consuming?</strong></div>\r\n<div style=\"margin: 0px; padding: 0px; border: 0px transparent; vertical-align: baseline; background: 0px 0px;\">If you experience&nbsp;<a class=\"_self\" style=\"margin: 0px; padding: 0px; border: 0px transparent; vertical-align: baseline; background: 0px 0px; color: #000000; text-decoration-line: none;\" href=\"https://www.tabletwise.com/bangladesh/a-mycin-tablet\">drowsiness</a>, dizziness, hypotension or a headache as side-effects when using A-Mycin Tablet medicine then it may not be safe to drive a vehicle or operate heavy machinery. One should not drive a vehicle if using the medicine makes you drowsy, dizzy or lowers your blood-pressure extensively. Pharmacists also advise patients not to drink alcohol with medicines as alcohol intensifies&nbsp;<a class=\"_self\" style=\"margin: 0px; padding: 0px; border: 0px transparent; vertical-align: baseline; background: 0px 0px; color: #000000; text-decoration-line: none;\" href=\"https://www.tabletwise.com/bangladesh/a-mycin-tablet\">drowsiness</a>&nbsp;side-effects. Please check for these effects on your body when using A-Mycin Tablet. Always consult with your doctor for recommendations specific to your body and health conditions.</div>\r\n<div style=\"margin: 0px; padding: 0px; border: 0px transparent; vertical-align: baseline; background: 0px 0px;\">&nbsp;</div>\r\n</li>\r\n<li style=\"margin: 0px; padding: 0px; border: 0px transparent; vertical-align: baseline; background: 0px 0px; line-height: 25px; word-wrap: break-word;\">\r\n<div style=\"margin: 5px 0px 0px; padding: 0px; border: 0px transparent; vertical-align: baseline; background: 0px 0px; font-weight: bold; color: #3f3f3f;\"><strong style=\"margin: 0px; padding: 0px; border: 0px transparent; vertical-align: baseline; background: 0px 0px;\">Is this medicine or product addictive or habit forming?</strong></div>\r\n<div style=\"margin: 0px; padding: 0px; border: 0px transparent; vertical-align: baseline; background: 0px 0px;\">Most medicines don\'t come with a potential for addiction or abuse. Usually, government\'s categorizes medicines that can be addictive as controlled substances. Examples include&nbsp;<a class=\"_self\" style=\"margin: 0px; padding: 0px; border: 0px transparent; vertical-align: baseline; background: 0px 0px; color: #000000; text-decoration-line: none;\" href=\"https://www.tabletwise.com/bangladesh/a-mycin-tablet\">schedule</a>&nbsp;H or X in India and&nbsp;<a class=\"_self\" style=\"margin: 0px; padding: 0px; border: 0px transparent; vertical-align: baseline; background: 0px 0px; color: #000000; text-decoration-line: none;\" href=\"https://www.tabletwise.com/bangladesh/a-mycin-tablet\">schedule</a>&nbsp;II-V in the US. Please consult the product package to make sure that the medicine does not belong to such special categorizations of medicines. Lastly, do not self-medicate and increase your body\'s dependence to medicines without the advice of a doctor.</div>\r\n<div style=\"margin: 0px; padding: 0px; border: 0px transparent; vertical-align: baseline; background: 0px 0px;\">&nbsp;</div>\r\n</li>\r\n<li style=\"margin: 0px; padding: 0px; border: 0px transparent; vertical-align: baseline; background: 0px 0px; line-height: 25px; word-wrap: break-word;\">\r\n<div style=\"margin: 5px 0px 0px; padding: 0px; border: 0px transparent; vertical-align: baseline; background: 0px 0px; font-weight: bold; color: #3f3f3f;\"><strong style=\"margin: 0px; padding: 0px; border: 0px transparent; vertical-align: baseline; background: 0px 0px;\">Can it be stopped immediately or do I have to slowly ween off consumption?</strong></div>\r\n<div style=\"margin: 0px; padding: 0px; border: 0px transparent; vertical-align: baseline; background: 0px 0px;\">Some medicines need to be tapered or cannot be stopped immediately because of rebound effects. Please consult with your doctor for recommendations specific to your body,&nbsp;<a class=\"_self\" style=\"margin: 0px; padding: 0px; border: 0px transparent; vertical-align: baseline; background: 0px 0px; color: #000000; text-decoration-line: none;\" href=\"https://www.tabletwise.com/bangladesh/a-mycin-tablet\">health</a>&nbsp;and other medications that you may be using.</div>\r\n<div style=\"margin: 0px; padding: 0px; border: 0px transparent; vertical-align: baseline; background: 0px 0px;\">&nbsp;</div>\r\n</li>\r\n</ul>\r\n</div>\r\n</div>\r\n</div>\r\n<div class=\"ad_dfp\" style=\"font-family: Arial, \'Helvetica Neue\', Helvetica, sans-serif; margin: 0px; padding: 0px 0px 30px; border: 0px transparent; vertical-align: baseline; background-image: initial; background-position: 0px 0px; background-size: initial; background-repeat: initial; background-attachment: initial; background-origin: initial; background-clip: initial; font-size: 16px;\">&nbsp;</div>\r\n<div class=\"_other_info _visible\" style=\"font-family: Arial, \'Helvetica Neue\', Helvetica, sans-serif; margin: 0px; padding: 0px 0px 30px; border: 0px transparent; vertical-align: baseline; background-image: initial; background-position: 0px 0px; background-size: initial; background-repeat: initial; background-attachment: initial; background-origin: initial; background-clip: initial; font-size: 16px;\">\r\n<h2 style=\"margin: 0px 0px 10px; padding: 0px; border: 0px transparent; vertical-align: baseline; background: 0px 0px; color: #3f3f3f;\" data-title=\"other_info\">Other important Information on A-Mycin Tablet</h2>\r\n<div style=\"margin: 0px; padding: 0px 0px 15px; border: 0px transparent; vertical-align: baseline; background: 0px 0px; line-height: 24px;\">\r\n<h3 style=\"margin: 0px 0px 10px; padding: 0px; border: 0px transparent; vertical-align: baseline; background: 0px 0px; color: #3f3f3f;\">Missing a dose</h3>\r\n<div style=\"margin: 0px; padding: 0px; border: 0px transparent; vertical-align: baseline; background: 0px 0px;\">In case you miss a dose, use it as soon as you notice. If it is close to the time of your next dose, skip the missed dose and resume your dosing schedule. Do not use extra dose to make up for a missed dose. If you are regularly missing doses, consider setting an alarm or asking a family member to remind you. Please consult your doctor to discuss changes in your dosing schedule or a new schedule to make up for missed doses, if you have missed too many doses recently.</div>\r\n<div class=\"_refs\" style=\"margin: 0px; padding: 0px; border: 0px transparent; vertical-align: baseline; background: 0px 0px;\">References:&nbsp;<a style=\"margin: 0px; padding: 0px; border: 0px transparent; vertical-align: baseline; background: 0px 0px; color: #0a65bb; text-decoration-line: none;\" href=\"https://www.tabletwise.com/bangladesh/a-mycin-tablet#ref2\">2</a>,&nbsp;<a style=\"margin: 0px; padding: 0px; border: 0px transparent; vertical-align: baseline; background: 0px 0px; color: #0a65bb; text-decoration-line: none;\" href=\"https://www.tabletwise.com/bangladesh/a-mycin-tablet#ref3\">3</a>,&nbsp;<a style=\"margin: 0px; padding: 0px; border: 0px transparent; vertical-align: baseline; background: 0px 0px; color: #0a65bb; text-decoration-line: none;\" href=\"https://www.tabletwise.com/bangladesh/a-mycin-tablet#ref4\">4</a>,&nbsp;<a style=\"margin: 0px; padding: 0px; border: 0px transparent; vertical-align: baseline; background: 0px 0px; color: #0a65bb; text-decoration-line: none;\" href=\"https://www.tabletwise.com/bangladesh/a-mycin-tablet#ref5\">5</a></div>\r\n</div>\r\n<div style=\"margin: 0px; padding: 0px 0px 15px; border: 0px transparent; vertical-align: baseline; background: 0px 0px; line-height: 24px;\">\r\n<h3 style=\"margin: 0px 0px 10px; padding: 0px; border: 0px transparent; vertical-align: baseline; background: 0px 0px; color: #3f3f3f;\">Overdosage of A-Mycin Tablet</h3>\r\n<div style=\"margin: 0px; padding: 0px; border: 0px transparent; vertical-align: baseline; background: 0px 0px;\">\r\n<ul style=\"margin: 0px 0px 0px 20px; padding: 0px; border: 0px transparent; vertical-align: baseline; background: 0px 0px;\">\r\n<li style=\"margin: 0px; padding: 0px; border: 0px transparent; vertical-align: baseline; background: 0px 0px; line-height: 25px; word-wrap: break-word;\">Do not use more than prescribed dose. Taking more&nbsp;<a class=\"_self\" style=\"margin: 0px; padding: 0px; border: 0px transparent; vertical-align: baseline; background: 0px 0px; color: #000000; text-decoration-line: none;\" href=\"https://www.tabletwise.com/bangladesh/a-mycin-tablet\">medication</a>&nbsp;will not improve your symptoms; rather they may cause poisoning or serious side-effects. If you suspect that you or anyone else who may have overdosed of&nbsp;<a class=\"_self\" style=\"margin: 0px; padding: 0px; border: 0px transparent; vertical-align: baseline; background: 0px 0px; color: #000000; text-decoration-line: none;\" href=\"https://www.tabletwise.com/bangladesh/a-mycin-tablet\">A-Mycin Tablet</a>, please go to the emergency department of the closest hospital or nursing home. Bring a medicine box, container, or label with you to help doctors with necessary information.</li>\r\n<li style=\"margin: 0px; padding: 0px; border: 0px transparent; vertical-align: baseline; background: 0px 0px; line-height: 25px; word-wrap: break-word;\">Do not give your medicines to other people even if you know that they have the same&nbsp;<a class=\"_self\" style=\"margin: 0px; padding: 0px; border: 0px transparent; vertical-align: baseline; background: 0px 0px; color: #000000; text-decoration-line: none;\" href=\"https://www.tabletwise.com/bangladesh/a-mycin-tablet\">condition</a>&nbsp;or it seems that they may have similar&nbsp;<a class=\"_self\" style=\"margin: 0px; padding: 0px; border: 0px transparent; vertical-align: baseline; background: 0px 0px; color: #000000; text-decoration-line: none;\" href=\"https://www.tabletwise.com/bangladesh/a-mycin-tablet\">condition</a>s. This may lead to overdosage.</li>\r\n<li style=\"margin: 0px; padding: 0px; border: 0px transparent; vertical-align: baseline; background: 0px 0px; line-height: 25px; word-wrap: break-word;\">Please consult your physician or pharmacist or product package for more information.</li>\r\n</ul>\r\n</div>\r\n<div class=\"_refs\" style=\"margin: 0px; padding: 0px; border: 0px transparent; vertical-align: baseline; background: 0px 0px;\">References:&nbsp;<a style=\"margin: 0px; padding: 0px; border: 0px transparent; vertical-align: baseline; background: 0px 0px; color: #0a65bb; text-decoration-line: none;\" href=\"https://www.tabletwise.com/bangladesh/a-mycin-tablet#ref6\">6</a>,&nbsp;<a style=\"margin: 0px; padding: 0px; border: 0px transparent; vertical-align: baseline; background: 0px 0px; color: #0a65bb; text-decoration-line: none;\" href=\"https://www.tabletwise.com/bangladesh/a-mycin-tablet#ref7\">7</a>,&nbsp;<a style=\"margin: 0px; padding: 0px; border: 0px transparent; vertical-align: baseline; background: 0px 0px; color: #0a65bb; text-decoration-line: none;\" href=\"https://www.tabletwise.com/bangladesh/a-mycin-tablet#ref8\">8</a></div>\r\n</div>\r\n<div style=\"margin: 0px; padding: 0px 0px 15px; border: 0px transparent; vertical-align: baseline; background: 0px 0px; line-height: 24px;\">\r\n<h3 style=\"margin: 0px 0px 10px; padding: 0px; border: 0px transparent; vertical-align: baseline; background: 0px 0px; color: #3f3f3f;\">Storage of A-Mycin Tablet</h3>\r\n<div style=\"margin: 0px; padding: 0px; border: 0px transparent; vertical-align: baseline; background: 0px 0px;\">\r\n<ul style=\"margin: 0px 0px 0px 20px; padding: 0px; border: 0px transparent; vertical-align: baseline; background: 0px 0px;\">\r\n<li style=\"margin: 0px; padding: 0px; border: 0px transparent; vertical-align: baseline; background: 0px 0px; line-height: 25px; word-wrap: break-word;\">Store&nbsp;<a class=\"_self\" style=\"margin: 0px; padding: 0px; border: 0px transparent; vertical-align: baseline; background: 0px 0px; color: #000000; text-decoration-line: none;\" href=\"https://www.tabletwise.com/bangladesh/a-mycin-tablet\">medicines</a>&nbsp;at room temperature, away from heat and direct light. Do not freeze&nbsp;<a class=\"_self\" style=\"margin: 0px; padding: 0px; border: 0px transparent; vertical-align: baseline; background: 0px 0px; color: #000000; text-decoration-line: none;\" href=\"https://www.tabletwise.com/bangladesh/a-mycin-tablet\">medicines</a>&nbsp;unless required by package insert. Keep&nbsp;<a class=\"_self\" style=\"margin: 0px; padding: 0px; border: 0px transparent; vertical-align: baseline; background: 0px 0px; color: #000000; text-decoration-line: none;\" href=\"https://www.tabletwise.com/bangladesh/a-mycin-tablet\">medicines</a>&nbsp;away from children and pets.</li>\r\n<li style=\"margin: 0px; padding: 0px; border: 0px transparent; vertical-align: baseline; background: 0px 0px; line-height: 25px; word-wrap: break-word;\">Do not flush medications down the toilet or pour them into drainage unless instructed to do so.&nbsp;<a class=\"_self\" style=\"margin: 0px; padding: 0px; border: 0px transparent; vertical-align: baseline; background: 0px 0px; color: #000000; text-decoration-line: none;\" href=\"https://www.tabletwise.com/bangladesh/a-mycin-tablet\">Medication</a>discarded in this manner may contaminate the environment. Please consult your pharmacist or doctor for more details on how to safely discard&nbsp;<a class=\"_self\" style=\"margin: 0px; padding: 0px; border: 0px transparent; vertical-align: baseline; background: 0px 0px; color: #000000; text-decoration-line: none;\" href=\"https://www.tabletwise.com/bangladesh/a-mycin-tablet\">A-Mycin Tablet</a>.</li>\r\n</ul>\r\n</div>\r\n<div class=\"_refs\" style=\"margin: 0px; padding: 0px; border: 0px transparent; vertical-align: baseline; background: 0px 0px;\">References:&nbsp;<a style=\"margin: 0px; padding: 0px; border: 0px transparent; vertical-align: baseline; background: 0px 0px; color: #0a65bb; text-decoration-line: none;\" href=\"https://www.tabletwise.com/bangladesh/a-mycin-tablet#ref9\">9</a>,&nbsp;<a style=\"margin: 0px; padding: 0px; border: 0px transparent; vertical-align: baseline; background: 0px 0px; color: #0a65bb; text-decoration-line: none;\" href=\"https://www.tabletwise.com/bangladesh/a-mycin-tablet#ref10\">10</a>,&nbsp;<a style=\"margin: 0px; padding: 0px; border: 0px transparent; vertical-align: baseline; background: 0px 0px; color: #0a65bb; text-decoration-line: none;\" href=\"https://www.tabletwise.com/bangladesh/a-mycin-tablet#ref11\">11</a>,&nbsp;<a style=\"margin: 0px; padding: 0px; border: 0px transparent; vertical-align: baseline; background: 0px 0px; color: #0a65bb; text-decoration-line: none;\" href=\"https://www.tabletwise.com/bangladesh/a-mycin-tablet#ref12\">12</a></div>\r\n</div>\r\n<div style=\"margin: 0px; padding: 0px 0px 15px; border: 0px transparent; vertical-align: baseline; background: 0px 0px; line-height: 24px;\">\r\n<h3 style=\"margin: 0px 0px 10px; padding: 0px; border: 0px transparent; vertical-align: baseline; background: 0px 0px; color: #3f3f3f;\">Expired A-Mycin Tablet</h3>\r\n<div style=\"margin: 0px; padding: 0px; border: 0px transparent; vertical-align: baseline; background: 0px 0px;\">\r\n<ul style=\"margin: 0px 0px 0px 20px; padding: 0px; border: 0px transparent; vertical-align: baseline; background: 0px 0px;\">\r\n<li style=\"margin: 0px; padding: 0px; border: 0px transparent; vertical-align: baseline; background: 0px 0px; line-height: 25px; word-wrap: break-word;\">Taking a single dose of expired&nbsp;<a class=\"_self\" style=\"margin: 0px; padding: 0px; border: 0px transparent; vertical-align: baseline; background: 0px 0px; color: #000000; text-decoration-line: none;\" href=\"https://www.tabletwise.com/bangladesh/a-mycin-tablet\">A-Mycin Tablet</a>&nbsp;is unlikely to produce an adverse event. However, please discuss with your primary health provider or pharmacist for proper advice or if you feel unwell or sick. Expired drug may become ineffective in treating your prescribed conditions. To be on the safe side, it is important not to use expired drug. If you have a&nbsp;<a class=\"_self\" style=\"margin: 0px; padding: 0px; border: 0px transparent; vertical-align: baseline; background: 0px 0px; color: #000000; text-decoration-line: none;\" href=\"https://www.tabletwise.com/bangladesh/a-mycin-tablet\">chronic illness</a>&nbsp;that requires taking medicine constantly such as heart condition, seizures, and life-threatening allergies, you are much safer keeping in touch with your primary health care provider so that you can have a fresh supply of unexpired medications.</li>\r\n</ul>\r\n</div>\r\n</div>\r\n</div>', 'Rack 1', 10, 1, 1, 'Mohammad Arman', '2018-06-11 07:18:02', '2018-07-02 18:24:27');
INSERT INTO `ecommerce_products` (`id`, `product_name`, `product_image`, `category_id`, `supplier_id`, `carton_qty`, `box_qty`, `strip_qty`, `piece_qty`, `purchase_rate`, `sale_rate`, `carton_sales_rate`, `box_sales_rate`, `strip_sales_rate`, `piece_sales_rate`, `discount`, `weight`, `manufacturing_date`, `expiry_date`, `description`, `rack_number`, `reorder_level`, `publication_status`, `feature_product`, `created_by`, `created_at`, `updated_at`) VALUES
(5, 'GM 100', 'gm-100-21ae96f7422.png', 3, 1, 0, 0, 0, 6, 1250.00, 1500.00, 0, 0, 0, 1500, 7.00, 'Weight: 43 g (with batteries)', '2018-07-03', '2021-07-03', '<ul style=\"box-sizing: border-box; font-size: 14px; margin-top: 0px; margin-bottom: 10px; color: #333333; font-family: Roboto, sans-serif;\">\r\n<li style=\"box-sizing: border-box;\">Acquire &ldquo;Innovation Award&rdquo; from Mediphar Taipei</li>\r\n<li style=\"box-sizing: border-box;\">No coding</li>\r\n<li style=\"box-sizing: border-box;\">Nobel Metal Electrode Strip</li>\r\n<li style=\"box-sizing: border-box;\">High Accuracy &amp; Precision</li>\r\n<li style=\"box-sizing: border-box;\">Slim &amp; stylish design</li>\r\n<li style=\"box-sizing: border-box;\">Only one button &ndash; easy to use</li>\r\n<li style=\"box-sizing: border-box;\">Large display &ndash; easy to read</li>\r\n<li style=\"box-sizing: border-box;\">Tiny blood sample size</li>\r\n<li style=\"box-sizing: border-box;\">Accurate measurement in few seconds</li>\r\n</ul>\r\n<p style=\"box-sizing: border-box; margin: 0px 0px 5px; font-size: 14px; color: #333333; font-family: Roboto, sans-serif;\">&nbsp;</p>\r\n<ul style=\"box-sizing: border-box; font-size: 14px; margin-top: 0px; margin-bottom: 10px; color: #333333; font-family: Roboto, sans-serif;\">\r\n<li style=\"box-sizing: border-box;\">Blood sample volume: 1.4&micro;L</li>\r\n<li style=\"box-sizing: border-box;\">Detection time: 8 seconds</li>\r\n<li style=\"box-sizing: border-box;\">Test Range: 10-600 mg/dl (0.6-33.3mmol/l)</li>\r\n<li style=\"box-sizing: border-box;\">Size: 95 x 43.8 x 13.0 mm</li>\r\n<li style=\"box-sizing: border-box;\">Weight: 43 g (with batteries)</li>\r\n</ul>', 'Rack 1', 3, 1, 1, 'Mohammad Arman', '2018-07-03 10:22:58', '2018-07-03 10:22:58'),
(6, 'PLANET AYURVEDA MUTRAKRICHANTAK CHURNA', 'PLANET_AYURVEDA_MUTRAKRICHANTAK_CHURNA4b29320913.png', 3, 4, 0, 0, 0, 15, 680.00, 750.00, 0, 0, 0, 750, 0.00, '200mg', '2018-07-03', '2020-07-03', '<p><span style=\"color: #8c8c8c; font-family: \'Clear Sans\', \'Helvetica Neue\', Helvetica, Arial, sans-serif; font-size: 14px;\">Planet Ayurveda Mutrakrichantak Churna contains Varun, Punarnava, Gokshur Kaasni, Bhumi Amla, Shirish etc. It helps in bringing down creatinine and urea levels in a natural way. It is an excellent herbal formulation meant for the health of the kidneys which can avoid dialysis. This medicine helps to normalize the filtering function of the kidneys.</span></p>', 'Rack 1', 5, 1, 1, 'Mohammad Arman', '2018-07-03 10:29:06', '2018-07-03 10:29:06'),
(7, 'MORPHEME BITTER MELON CAPSULE', 'Screenshot_7f57c671cf7.png', 3, 2, 0, 0, 0, 14, 600.00, 700.00, 0, 0, 0, 700, 5.00, '60mg', '2018-07-03', '2020-07-03', '<p><span style=\"color: #8c8c8c; font-family: \'Clear Sans\', \'Helvetica Neue\', Helvetica, Arial, sans-serif; font-size: 14px;\">Morpheme Bitter Melon capsules contain pure extract of Bitter Melon (Momordica charantia Linn) (Fruit) commonly known as karela in India.</span><br style=\"box-sizing: border-box; color: #8c8c8c; font-family: \'Clear Sans\', \'Helvetica Neue\', Helvetica, Arial, sans-serif; font-size: 14px;\" /><span style=\"color: #8c8c8c; font-family: \'Clear Sans\', \'Helvetica Neue\', Helvetica, Arial, sans-serif; font-size: 14px;\">It improves learning the power and is also useful in the treatment of diabetes mellitus.</span><br style=\"box-sizing: border-box; color: #8c8c8c; font-family: \'Clear Sans\', \'Helvetica Neue\', Helvetica, Arial, sans-serif; font-size: 14px;\" /><br style=\"box-sizing: border-box; color: #8c8c8c; font-family: \'Clear Sans\', \'Helvetica Neue\', Helvetica, Arial, sans-serif; font-size: 14px;\" /><span style=\"color: #8c8c8c; font-family: \'Clear Sans\', \'Helvetica Neue\', Helvetica, Arial, sans-serif; font-size: 14px;\">Key benefits of Morpheme Bitter Melon capsules:</span><br style=\"box-sizing: border-box; color: #8c8c8c; font-family: \'Clear Sans\', \'Helvetica Neue\', Helvetica, Arial, sans-serif; font-size: 14px;\" /><span style=\"color: #8c8c8c; font-family: \'Clear Sans\', \'Helvetica Neue\', Helvetica, Arial, sans-serif; font-size: 14px;\">It is very effective in triggering blood sugar level.</span><br style=\"box-sizing: border-box; color: #8c8c8c; font-family: \'Clear Sans\', \'Helvetica Neue\', Helvetica, Arial, sans-serif; font-size: 14px;\" /><span style=\"color: #8c8c8c; font-family: \'Clear Sans\', \'Helvetica Neue\', Helvetica, Arial, sans-serif; font-size: 14px;\">It is powerful anti-oxidant.</span><br style=\"box-sizing: border-box; color: #8c8c8c; font-family: \'Clear Sans\', \'Helvetica Neue\', Helvetica, Arial, sans-serif; font-size: 14px;\" /><span style=\"color: #8c8c8c; font-family: \'Clear Sans\', \'Helvetica Neue\', Helvetica, Arial, sans-serif; font-size: 14px;\">It helps cure and purify blood from within the system.</span><br style=\"box-sizing: border-box; color: #8c8c8c; font-family: \'Clear Sans\', \'Helvetica Neue\', Helvetica, Arial, sans-serif; font-size: 14px;\" /><span style=\"color: #8c8c8c; font-family: \'Clear Sans\', \'Helvetica Neue\', Helvetica, Arial, sans-serif; font-size: 14px;\">It is excellent for weight loss.</span><br style=\"box-sizing: border-box; color: #8c8c8c; font-family: \'Clear Sans\', \'Helvetica Neue\', Helvetica, Arial, sans-serif; font-size: 14px;\" /><span style=\"color: #8c8c8c; font-family: \'Clear Sans\', \'Helvetica Neue\', Helvetica, Arial, sans-serif; font-size: 14px;\">It helps boost the immune system.</span><br style=\"box-sizing: border-box; color: #8c8c8c; font-family: \'Clear Sans\', \'Helvetica Neue\', Helvetica, Arial, sans-serif; font-size: 14px;\" /><span style=\"color: #8c8c8c; font-family: \'Clear Sans\', \'Helvetica Neue\', Helvetica, Arial, sans-serif; font-size: 14px;\">Regular consumption of karela helps to cure constipation.</span></p>', 'Rack 1', 5, 1, 0, 'Mohammad Arman', '2018-07-03 10:32:21', '2018-07-03 10:32:21'),
(8, 'ONE TOUCH SELECT SIMPLE DEVICE', 'ONE_TOUCH_SELECT_SIMPLE_DEVICE6b187dd063.jpg', 3, 4, 0, 0, 0, 16, 900.00, 1050.00, 0, 0, 0, 1050, 0.00, 'none', '2018-07-03', '2021-07-03', '<div style=\"box-sizing: border-box; color: #8c8c8c; font-family: \'Clear Sans\', \'Helvetica Neue\', Helvetica, Arial, sans-serif; font-size: 14px;\">Its Simple! No-coding, no setup and no buttons. OneTouch SelectSimple has an icon-driven interface with no coding, no setup or no buttons. Just insert the strip to start, apply blood, and results can be obtained in a matter of seconds.</div>\r\n<div style=\"box-sizing: border-box; color: #8c8c8c; font-family: \'Clear Sans\', \'Helvetica Neue\', Helvetica, Arial, sans-serif; font-size: 14px;\">&nbsp;</div>\r\n<div style=\"box-sizing: border-box; color: #8c8c8c; font-family: \'Clear Sans\', \'Helvetica Neue\', Helvetica, Arial, sans-serif; font-size: 14px;\">1. High-low colour and audio alerts - With colour and audio alerts, you are alerted when blood glucose levels are extremely high, high or low.</div>\r\n<div style=\"box-sizing: border-box; color: #8c8c8c; font-family: \'Clear Sans\', \'Helvetica Neue\', Helvetica, Arial, sans-serif; font-size: 14px;\">2. High-low alarm reference card - It allows your doctor to customise your action plan empowering you to better understand what corrective steps to undertake when alerted of extremely high or low blood glucose levels. So you can address hypo- and hyper-glycemic episodes immediately, based on your doctor&rsquo;s advice.</div>\r\n<div style=\"box-sizing: border-box; color: #8c8c8c; font-family: \'Clear Sans\', \'Helvetica Neue\', Helvetica, Arial, sans-serif; font-size: 14px;\">3. Fast results &ndash; An accurate result in just 5 seconds.</div>', 'Rack 2', 5, 1, 1, 'Mohammad Arman', '2018-07-03 10:38:13', '2018-07-03 10:38:13'),
(9, 'ACCU-CHEK SOFTCLIX LANCETS', 'Screenshot_17c2da82556.png', 3, 6, 0, 0, 0, 13, 750.00, 900.00, 0, 0, 0, 900, 6.00, 'none', '2018-07-03', '2021-07-03', '<p><span style=\"color: #8c8c8c; font-family: \'Clear Sans\', \'Helvetica Neue\', Helvetica, Arial, sans-serif; font-size: 14px;\">A blood lancet, or simply lancet, is a small medical implement used for capillary blood sampling . A blood lancet is similar to a small scalpel but with a double-edged blade or needle. Lancets are used to make punctures, such as a fingerstick , to obtain small blood specimens. Blood lancets are generally disposable. Lancets are also used to prick the skin in skin testing for allergies .&nbsp;</span><br style=\"box-sizing: border-box; color: #8c8c8c; font-family: \'Clear Sans\', \'Helvetica Neue\', Helvetica, Arial, sans-serif; font-size: 14px;\" /><span style=\"color: #8c8c8c; font-family: \'Clear Sans\', \'Helvetica Neue\', Helvetica, Arial, sans-serif; font-size: 14px;\">Accu-Chek Softclix Lancets penetrates the skin with an extremely fast linear motion avoiding all lateral movement and preventing unnecessary skin damage.</span></p>', 'Rack 2', 5, 1, 0, 'Mohammad Arman', '2018-07-03 10:42:00', '2018-07-03 10:42:00'),
(10, 'ACCU-CHEK SOFTCLIX LANCING DEVICE', 'Screenshot_222f4556b75.png', 3, 3, 0, 0, 0, 20, 620.00, 700.00, 0, 0, 0, 700, 0.00, 'none', '2018-07-03', '2018-07-03', '<div style=\"box-sizing: border-box; color: #8c8c8c; font-family: \'Clear Sans\', \'Helvetica Neue\', Helvetica, Arial, sans-serif; font-size: 14px;\">The Acc Chek Softclix lancing device uses Acc Chek Softclix lancets to obtain a drop of blood from the fingertip. The penetration depth can be selected to match any type of skin.</div>\r\n<div style=\"box-sizing: border-box; color: #8c8c8c; font-family: \'Clear Sans\', \'Helvetica Neue\', Helvetica, Arial, sans-serif; font-size: 14px;\"><span style=\"box-sizing: border-box; font-weight: bold;\">Personalized comfort:</span>&nbsp;The lancing device\'s Comfort Dial offers 11 customize depth settings for different skin types.<br style=\"box-sizing: border-box;\" /><span style=\"box-sizing: border-box; font-weight: bold;\">Precise lancet movement:</span>&nbsp;Unique technology minimizes painful side-to-side motion.<br style=\"box-sizing: border-box;\" /><span style=\"box-sizing: border-box; font-weight: bold;\">Precisely manufactured lancets:</span>&nbsp;Uses 28-gauge lancets to ensure smoother entry.<br style=\"box-sizing: border-box;\" /><span style=\"box-sizing: border-box; font-weight: bold;\">Less Painful:</span>&nbsp;Uses the technology ,which has been proven least painful.<br style=\"box-sizing: border-box;\" /><span style=\"box-sizing: border-box; font-weight: bold;\">Personalized use:</span>&nbsp;Intended for use by a single person and is not suitable for testing different persons with the same device as this may lead to infections.</div>', 'Rack 1', 5, 1, 0, 'Mohammad Arman', '2018-07-03 10:45:04', '2018-07-03 10:45:04'),
(11, 'SBL DIABOHERB CAPSULE', 'SBL_DIABOHERB_CAPSULEdf6f01b6ce.jpg', 3, 2, 0, 0, 0, 25, 350.00, 400.00, 0, 0, 0, 400, 0.00, '140mg', '2018-07-03', '2020-07-03', '<p><span style=\"color: #8c8c8c; font-family: \'Clear Sans\', \'Helvetica Neue\', Helvetica, Arial, sans-serif; font-size: 14px;\">Blood glucose levels are controlled by insulin, a hormone produced by pancreas. When blood glucose level rises (for example, after eating food), insulin is released to control it.&nbsp;</span><br style=\"box-sizing: border-box; color: #8c8c8c; font-family: \'Clear Sans\', \'Helvetica Neue\', Helvetica, Arial, sans-serif; font-size: 14px;\" /><br style=\"box-sizing: border-box; color: #8c8c8c; font-family: \'Clear Sans\', \'Helvetica Neue\', Helvetica, Arial, sans-serif; font-size: 14px;\" /><span style=\"color: #8c8c8c; font-family: \'Clear Sans\', \'Helvetica Neue\', Helvetica, Arial, sans-serif; font-size: 14px;\">Absence or insufficient production or lack of response to insulin can rise in blood glucose level. This condition is known as Diabetes mellitus. The normal blood sugar levels range from 70-100mg/dl (fasting) and 110-140mg/dl (post-prandial/ after eating).</span></p>', 'Rack 1', 5, 1, 1, 'Mohammad Arman', '2018-07-03 10:50:17', '2018-07-03 10:50:17'),
(12, 'PRO PERFORMANCE® 100% WHEY', 'Screenshot_3af67b8d1e7.png', 2, 6, 0, 0, 0, 19, 2700.00, 3500.00, 0, 0, 0, 3500, 10.00, '450gm', '2018-07-03', '2020-07-03', '<p><span style=\"box-sizing: border-box; color: #2f333a; font-family: museo-sans, Arial, sans-serif; font-size: 12px;\">High-Quality, Gluten Free Protein&nbsp;</span><br style=\"box-sizing: border-box; color: #2f333a; font-family: museo-sans, Arial, sans-serif; font-size: 12px;\" /><span style=\"box-sizing: border-box; color: #2f333a; font-family: museo-sans, Arial, sans-serif; font-size: 12px;\">Supports Healthy Metabolism &amp; Lean Muscle Recovery*&nbsp;</span><br style=\"box-sizing: border-box; color: #2f333a; font-family: museo-sans, Arial, sans-serif; font-size: 12px;\" /><br style=\"box-sizing: border-box; color: #2f333a; font-family: museo-sans, Arial, sans-serif; font-size: 12px;\" /><span style=\"box-sizing: border-box; color: #2f333a; font-family: museo-sans, Arial, sans-serif; font-size: 12px;\">Pro Performance&reg; Results&nbsp;</span><br style=\"box-sizing: border-box; color: #2f333a; font-family: museo-sans, Arial, sans-serif; font-size: 12px;\" /><span style=\"box-sizing: border-box; color: #2f333a; font-family: museo-sans, Arial, sans-serif; font-size: 12px;\">As your life becomes increasingly hectic, making healthy decisions that steer you toward wellness can be difficult. At any age, it is a challenge to maintain adequate protein levels in your diet. As the basic kick-starter for lean muscle repair,* 100% Whey helps as you strive to achieve maximum wellness and athletic performance by supporting a healthy metabolism and lean muscle.*&nbsp;</span><br style=\"box-sizing: border-box; color: #2f333a; font-family: museo-sans, Arial, sans-serif; font-size: 12px;\" /><span style=\"box-sizing: border-box; color: #2f333a; font-family: museo-sans, Arial, sans-serif; font-size: 12px;\">Following any level of exercise, amino acids are needed for growth, repair and maintenance of muscles.* This formula is packed with 24 grams of high-quality protein, containing all 9 essential amino acids, that digest quickly and support your wellness and performance goals.*&nbsp;</span><br style=\"box-sizing: border-box; color: #2f333a; font-family: museo-sans, Arial, sans-serif; font-size: 12px;\" /><br style=\"box-sizing: border-box; color: #2f333a; font-family: museo-sans, Arial, sans-serif; font-size: 12px;\" /><span style=\"box-sizing: border-box; color: #2f333a; font-family: museo-sans, Arial, sans-serif; font-size: 12px;\">Pro Performance&reg; Quality&nbsp;</span><br style=\"box-sizing: border-box; color: #2f333a; font-family: museo-sans, Arial, sans-serif; font-size: 12px;\" /><span style=\"box-sizing: border-box; color: #2f333a; font-family: museo-sans, Arial, sans-serif; font-size: 12px;\">100% Whey is tested and certified Banned Substance Free. It is gluten free, tastes great and mixes easily with a simple stir, shake or blend.</span></p>', 'Rack 3', 5, 1, 0, 'Mohammad Arman', '2018-07-03 11:54:34', '2018-07-03 11:54:34'),
(13, 'OPTIMUM NUTRITION SERIOUS MASS', '350315_1c6730f65c4.jpg', 2, 3, 0, 0, 0, 15, 6500.00, 7000.00, 0, 0, 0, 7000, 0.00, '1250gm', '2018-07-03', '2020-07-03', '<p style=\"box-sizing: border-box; margin-bottom: 0px; color: #8c8c8c; font-family: \'Clear Sans\', \'Helvetica Neue\', Helvetica, Arial, sans-serif; font-size: 14px;\"><span style=\"box-sizing: border-box; font-weight: bold; color: #2f333a; font-family: museo-sans, Arial, sans-serif; font-size: 12px;\">THE BIGGER PICTURE OF WEIGHT-GAIN</span><br style=\"box-sizing: border-box; color: #2f333a; font-family: museo-sans, Arial, sans-serif; font-size: 12px;\" /><span style=\"box-sizing: border-box; color: #2f333a; font-family: museo-sans, Arial, sans-serif; font-size: 12px;\">Serious weight gain requires serious calories. However, those who need the extra calories most often have the toughest time consuming enough of them. For many aspiring to be bigger, highly-active metabolisms, weaker appetites, and on-the-run lifestyles make consuming sufficient calories through whole foods alone a real challenge. With Serious Mass, you&rsquo;ve got nothing to lose and lots to gain. We&rsquo;ve consolidated over 1,250 calories, 50 grams of protein, 250-plus grams of carbohydrates, and 25 vitamins &amp; minerals with added glutamine and creatine into every serving. It&rsquo;s time to stop thinking small; get serious &ndash; Serious Mass.</span></p>\r\n<p style=\"box-sizing: border-box; margin-bottom: 0px; line-height: 1.375rem; color: #2f333a; font-family: museo-sans, Arial, sans-serif; font-size: 12px;\"><span style=\"box-sizing: border-box; font-weight: bold;\">BEYOND THE BASICS</span></p>\r\n<ul style=\"box-sizing: border-box; line-height: 1.25rem; list-style: none; margin: 0px; padding: 0px; color: #2f333a; font-family: museo-sans, Arial, sans-serif; font-size: 12px;\">\r\n<li style=\"box-sizing: border-box;\">1,250 calories per serving in water; 1,630-plus calories when made with low fat milk.</li>\r\n<li style=\"box-sizing: border-box;\">50 grams of protein from a combination of faster and slower digesting sources including Whey, Casein,and Egg.</li>\r\n<li style=\"box-sizing: border-box;\">250-plus grams of carbohydrates to support fueling of intense workouts and aid in the replenishment of glycogen stores - with NO ADDED SUGAR.</li>\r\n<li style=\"box-sizing: border-box;\">Enhanced with Creatine, L-Glutamine &amp; Glutamine. Peptides, Choline, Inositol, PABA, and MCTs.</li>\r\n<li style=\"box-sizing: border-box;\">25 Vitamins &amp; Essential Minerals with an emphasis on B-Vitamins and Antioxidants</li>\r\n</ul>', 'Rack 3', 5, 1, 1, 'Mohammad Arman', '2018-07-03 11:56:43', '2018-07-03 11:56:43'),
(14, 'BSN® AMINO X ENDURANCE AND RECOVERY AGENT', '387490_1ff8b84c721.jpg', 2, 3, 0, 0, 0, 11, 3400.00, 4000.00, 0, 0, 0, 4000, 0.00, '500mg', '2018-07-03', '2020-07-03', '<p style=\"box-sizing: border-box; margin-bottom: 0px; color: #8c8c8c; font-family: \'Clear Sans\', \'Helvetica Neue\', Helvetica, Arial, sans-serif; font-size: 14px;\"><span style=\"box-sizing: border-box; color: #2f333a; font-family: museo-sans, Arial, sans-serif; font-size: 12px;\">Endurance and Recovery Agent</span><br style=\"box-sizing: border-box; color: #2f333a; font-family: museo-sans, Arial, sans-serif; font-size: 12px;\" /><span style=\"box-sizing: border-box; color: #2f333a; font-family: museo-sans, Arial, sans-serif; font-size: 12px;\">Amino X&trade; Ingredients when combined with regular exercise are designed to support:</span></p>\r\n<ul style=\"box-sizing: border-box; line-height: 1.25rem; list-style: none; margin: 0px; padding: 0px; color: #2f333a; font-family: museo-sans, Arial, sans-serif; font-size: 12px;\">\r\n<li style=\"box-sizing: border-box;\">Protein synthesis/Anabolism</li>\r\n<li style=\"box-sizing: border-box;\">Glycogen Resynthesis</li>\r\n<li style=\"box-sizing: border-box;\">Anti-Catabolism/Muscle Sparing</li>\r\n<li style=\"box-sizing: border-box;\">Recovery from Training Sessions</li>\r\n<li style=\"box-sizing: border-box;\">Muscular Endurance</li>\r\n<li style=\"box-sizing: border-box;\">Resistance to Muscular Fatigue</li>\r\n</ul>\r\n<p style=\"box-sizing: border-box; margin-bottom: 0px; color: #8c8c8c; font-family: \'Clear Sans\', \'Helvetica Neue\', Helvetica, Arial, sans-serif; font-size: 14px;\"><span style=\"box-sizing: border-box; color: #2f333a; font-family: museo-sans, Arial, sans-serif; font-size: 12px;\">Stack with Nitrix&reg;, N.O.-Xplode&trade;, Axis-Hit&reg;, Syntha-6&trade; and TrueMass&reg; for maximum physique and performance impact.</span><br style=\"box-sizing: border-box; color: #2f333a; font-family: museo-sans, Arial, sans-serif; font-size: 12px;\" /><br style=\"box-sizing: border-box; color: #2f333a; font-family: museo-sans, Arial, sans-serif; font-size: 12px;\" /><span style=\"box-sizing: border-box; color: #2f333a; font-family: museo-sans, Arial, sans-serif; font-size: 12px;\">Designed for healthy persons 18 years and older seeking to support lean mass, recovery, and tissue repair after strenuous exercise of while sleeping.</span></p>\r\n<div class=\"output\" style=\"box-sizing: border-box; clear: both; padding-bottom: 1.25rem; color: #2f333a; font-family: museo-sans, Arial, sans-serif; font-size: 12px;\">\r\n<h3 style=\"box-sizing: border-box; font-weight: 500; font-size: 1.375rem; color: #042430; font-family: brandon-grotesque, Arial, sans-serif; text-transform: uppercase; margin: 0px; line-height: 1.9375rem;\">PRODUCT DIRECTIONS / ADDITIONAL INFO</h3>\r\nAs a dietary supplement, mix 1 scoop with 6 oz. of cold water or any beverage of your choice before, during or after your workout.<br style=\"box-sizing: border-box;\" /><br style=\"box-sizing: border-box;\" />Note: To prevent settling, stir and drink immediately. To ensure maximum results: wait 20-30 minutes after taking Amino X&trade; before eating a meal or drinking a shake.</div>\r\n<div class=\"output\" style=\"box-sizing: border-box; clear: both; padding-bottom: 1.25rem; color: #2f333a; font-family: museo-sans, Arial, sans-serif; font-size: 12px;\">CONTAINS SOY (LECITHIN), Manufactured on equipment that processes products containing milk, egg, soybeans, wheat and tree nuts.</div>\r\n<div class=\"output\" style=\"box-sizing: border-box; clear: both; padding-bottom: 1.25rem; color: #2f333a; font-family: museo-sans, Arial, sans-serif; font-size: 12px;\">\r\n<h4 style=\"box-sizing: border-box; font-weight: 500; font-size: 1.125rem; color: #1a1a1a; font-family: brandon-grotesque, Arial, sans-serif; margin: 0px; line-height: 1.625rem;\">Warnings</h4>\r\nDue to settling, a natural occurence with powders, variations in the powder height level may vary from bottle to bottle. Additionally, powder density may be affected as a result of the settling which may cause slight variations in the scoop serving size.</div>', 'Rack 3', 5, 1, 1, 'Mohammad Arman', '2018-07-03 11:58:36', '2018-07-03 11:58:36'),
(15, 'GNC L-GLUTAMINE 1000 MG', 'Screenshot_182fc29222c.png', 2, 3, 0, 0, 0, 10, 2100.00, 2500.00, 0, 0, 0, 2500, 10.00, '1000mg', '2018-07-04', '2020-07-04', '<div class=\"output\" style=\"box-sizing: border-box; clear: both; padding-bottom: 1.25rem; color: #2f333a; font-family: museo-sans, Arial, sans-serif; font-size: 12px;\">\r\n<h3 style=\"box-sizing: border-box; font-weight: 500; font-size: 1.375rem; color: #042430; font-family: brandon-grotesque, Arial, sans-serif; text-transform: uppercase; margin: 0px; line-height: 1.9375rem;\">PRODUCT DIRECTIONS / ADDITIONAL INFO</h3>\r\nAs a dietary supplement, take one caplet one to two times daily, an hour before meals or an empty stomach. For maximum support, take as directed every day.</div>\r\n<div class=\"output\" style=\"box-sizing: border-box; clear: both; padding-bottom: 1.25rem; color: #2f333a; font-family: museo-sans, Arial, sans-serif; font-size: 12px;\">\r\n<h4 style=\"box-sizing: border-box; font-weight: 500; font-size: 1.125rem; color: #1a1a1a; font-family: brandon-grotesque, Arial, sans-serif; margin: 0px; line-height: 1.625rem;\">Warnings</h4>\r\nKeep out of reach of children.<br style=\"box-sizing: border-box;\" /><br style=\"box-sizing: border-box;\" />Hors de la port&eacute;e des enfants.</div>\r\n<div class=\"output\" style=\"box-sizing: border-box; clear: both; padding-bottom: 1.25rem; color: #2f333a; font-family: museo-sans, Arial, sans-serif; font-size: 12px;\">\r\n<h4 style=\"box-sizing: border-box; font-weight: 500; font-size: 1.125rem; color: #1a1a1a; font-family: brandon-grotesque, Arial, sans-serif; margin: 0px; line-height: 1.625rem;\">Other Ingredients</h4>\r\nDicalcium Phosphate, Cellulose</div>\r\n<div class=\"output\" style=\"box-sizing: border-box; clear: both; padding-bottom: 1.25rem; color: #2f333a; font-family: museo-sans, Arial, sans-serif; font-size: 12px;\">Distributed by: General Nutrition Corporation Pittsburgh, PA 15222</div>', 'Rack 4', 5, 1, 0, 'Mohammad Arman', '2018-07-03 12:04:12', '2018-07-03 12:04:12'),
(16, 'OPTIMUM NUTRITION GOLD STANDARD 100% WHEY™', 'Screenshot_2171ff01762.png', 2, 1, 0, 0, 0, 15, 8700.00, 9500.00, 0, 0, 0, 9500, 5.00, 'none', '2018-07-04', '2020-07-04', '<p style=\"box-sizing: border-box; margin-bottom: 0px; color: #8c8c8c; font-family: \'Clear Sans\', \'Helvetica Neue\', Helvetica, Arial, sans-serif; font-size: 14px;\"><span style=\"box-sizing: border-box; font-weight: bold; color: #2f333a; font-family: museo-sans, Arial, sans-serif; font-size: 12px;\">THE BIGGER PICTURE OF WHEY</span><br style=\"box-sizing: border-box; color: #2f333a; font-family: museo-sans, Arial, sans-serif; font-size: 12px;\" /><span style=\"box-sizing: border-box; color: #2f333a; font-family: museo-sans, Arial, sans-serif; font-size: 12px;\">Whey Protein Isolates are 90% pure protein by weight. They are the purest and most expensive form of whey protein that exists. That\'s why they are the first ingredients you read on the 100% Whey Gold Standard&trade; label. By using Whey Protein Isolates as our primary protein source, we\'re able to pack 24 grams of the purest, muscle-building protein per serving, and a lot less of the fat, cholesterol, lactose, and other stuff that you can do without. There\'s no question this is the standard by which other whey proteins are measured.</span><br style=\"box-sizing: border-box; color: #2f333a; font-family: museo-sans, Arial, sans-serif; font-size: 12px;\" /><br style=\"box-sizing: border-box; color: #2f333a; font-family: museo-sans, Arial, sans-serif; font-size: 12px;\" /><span style=\"box-sizing: border-box; font-weight: bold; color: #2f333a; font-family: museo-sans, Arial, sans-serif; font-size: 12px;\">THE ADVANCED GOLD STANDARD WHEY PROTEIN BLEND:</span><br style=\"box-sizing: border-box; color: #2f333a; font-family: museo-sans, Arial, sans-serif; font-size: 12px;\" /><span style=\"box-sizing: border-box; color: #2f333a; font-family: museo-sans, Arial, sans-serif; font-size: 12px;\">100% Whey Gold Standard&trade; is made of an exclusive blend of:</span></p>\r\n<ul style=\"box-sizing: border-box; line-height: 1.25rem; list-style: none; margin: 0px; padding: 0px; color: #2f333a; font-family: museo-sans, Arial, sans-serif; font-size: 12px;\">\r\n<li style=\"box-sizing: border-box;\">Microfiltered Whey Protein Isolats</li>\r\n<li style=\"box-sizing: border-box;\">Ion-Exchanged Whey Protein Isolates</li>\r\n<li style=\"box-sizing: border-box;\">Ultrafiltered Whey Protein Concentrate</li>\r\n<li style=\"box-sizing: border-box;\">HYDROWHEY&reg; Hydrolyzed Whey Peptides</li>\r\n</ul>\r\n<p style=\"box-sizing: border-box; margin-bottom: 0px; color: #8c8c8c; font-family: \'Clear Sans\', \'Helvetica Neue\', Helvetica, Arial, sans-serif; font-size: 14px;\"><br style=\"box-sizing: border-box; color: #2f333a; font-family: museo-sans, Arial, sans-serif; font-size: 12px;\" /><span style=\"box-sizing: border-box; font-weight: bold; color: #2f333a; font-family: museo-sans, Arial, sans-serif; font-size: 12px;\">BEYOND THE BASICS</span></p>\r\n<ul style=\"box-sizing: border-box; line-height: 1.25rem; list-style: none; margin: 0px; padding: 0px; color: #2f333a; font-family: museo-sans, Arial, sans-serif; font-size: 12px;\">\r\n<li style=\"box-sizing: border-box;\">Packed with Whey Protein Isolates (WPI)</li>\r\n<li style=\"box-sizing: border-box;\">HIGHER PROTEIN PERCENTAGE (24 grams of protein; over 81% protein in weight).</li>\r\n<li style=\"box-sizing: border-box;\">Includes HYDROWHEY&reg;, strategically hydrolyzed, low molecular weight whey peptides to make protein faster acting</li>\r\n<li style=\"box-sizing: border-box;\">Contains LACTASE and AMINOGEN&reg; digestive enzymes to enhance utilization</li>\r\n<li style=\"box-sizing: border-box;\">WHEY PROTEIN MICROFRACTIONS including Alpha-lactalbumin, Glycomacropeptides, Beta-lactoglobulin, Immunoglobulin G (IgG), Lactoferrin, Lactoperoxidase, and various growth factors</li>\r\n<li style=\"box-sizing: border-box;\">Over 4 grams of GLUTAMINE &amp; glutamine precursors</li>\r\n<li style=\"box-sizing: border-box;\">More than 5 grams of BCAAs (Leucine, Isoleucin, and Valine) in each scoop</li>\r\n</ul>', 'Rack 4', 5, 1, 0, 'Mohammad Arman', '2018-07-03 12:07:20', '2018-07-03 12:07:20'),
(17, 'NEOCEL: BEAUTY INFUSION - TANGERINE TWIST', '281017_1dfae2c9cb3.jpg', 2, 3, 0, 0, 0, 21, 3700.00, 4000.00, 0, 0, 0, 4000, 0.00, '50mg', '2018-07-04', '2020-07-04', '<p style=\"box-sizing: border-box; margin-bottom: 0px; color: #8c8c8c; font-family: \'Clear Sans\', \'Helvetica Neue\', Helvetica, Arial, sans-serif; font-size: 14px;\"><span style=\"box-sizing: border-box; color: #2f333a; font-family: museo-sans, Arial, sans-serif; font-size: 12px;\">NeoCell Beauty Infusion&trade; is an all natural solution for youthful, radiant beauty that starts from the inside. Diminished collagen levels in the body can lead to loss of elasticity in the skin, thinning hair, and brittle nails.*</span><br style=\"box-sizing: border-box; color: #2f333a; font-family: museo-sans, Arial, sans-serif; font-size: 12px;\" /><br style=\"box-sizing: border-box; color: #2f333a; font-family: museo-sans, Arial, sans-serif; font-size: 12px;\" /><span style=\"box-sizing: border-box; color: #2f333a; font-family: museo-sans, Arial, sans-serif; font-size: 12px;\">This refreshing drink mix is infused with essential beauty nutrients that work together to strengthen hair, skin, &amp; nails, hydrate the skin, and provide antioxidant power against environmental damage.*</span><br style=\"box-sizing: border-box; color: #2f333a; font-family: museo-sans, Arial, sans-serif; font-size: 12px;\" /><br style=\"box-sizing: border-box; color: #2f333a; font-family: museo-sans, Arial, sans-serif; font-size: 12px;\" /><span style=\"box-sizing: border-box; color: #2f333a; font-family: museo-sans, Arial, sans-serif; font-size: 12px;\">Recapture that vibrant glow from the inside out with a beauty supplement your skin and taste buds will crave.*</span></p>\r\n<div class=\"output\" style=\"box-sizing: border-box; clear: both; padding-bottom: 1.25rem; color: #2f333a; font-family: museo-sans, Arial, sans-serif; font-size: 12px;\">\r\n<h3 style=\"box-sizing: border-box; font-weight: 500; font-size: 1.375rem; color: #042430; font-family: brandon-grotesque, Arial, sans-serif; text-transform: uppercase; margin: 0px; line-height: 1.9375rem;\">PRODUCT DIRECTIONS / ADDITIONAL INFO</h3>\r\nDissolve one scoop of NeoCell Beauty Infusion&trade; powder into a glass of water or non-dairy drink of choice. For optimum absorption, take on an empty stomach.*</div>\r\n<div class=\"output\" style=\"box-sizing: border-box; clear: both; padding-bottom: 1.25rem; color: #2f333a; font-family: museo-sans, Arial, sans-serif; font-size: 12px;\">May contain trace amounts of naturally occurring sulfite residues.</div>', 'Rack 3', 5, 1, 1, 'Mohammad Arman', '2018-07-03 12:09:06', '2018-07-03 12:09:06'),
(18, 'NEOCELL GLOW MATRIX', 'Screenshot_498a8662db1.png', 2, 4, 0, 0, 0, 10, 3200.00, 3500.00, 0, 0, 0, 3500, 0.00, 'none', '2018-07-04', '2021-07-04', '<p><span style=\"box-sizing: border-box; color: #2f333a; font-family: museo-sans, Arial, sans-serif; font-size: 12px;\">Advanced Skin Hydrator</span><br style=\"box-sizing: border-box; color: #2f333a; font-family: museo-sans, Arial, sans-serif; font-size: 12px;\" /><span style=\"box-sizing: border-box; color: #2f333a; font-family: museo-sans, Arial, sans-serif; font-size: 12px;\">Rapid Action Creamosides&trade; are Clinically Studied After 15 Days To:</span><br style=\"box-sizing: border-box; color: #2f333a; font-family: museo-sans, Arial, sans-serif; font-size: 12px;\" /><span style=\"box-sizing: border-box; color: #2f333a; font-family: museo-sans, Arial, sans-serif; font-size: 12px;\">help improve skin moisture &amp; elasticity*</span><br style=\"box-sizing: border-box; color: #2f333a; font-family: museo-sans, Arial, sans-serif; font-size: 12px;\" /><span style=\"box-sizing: border-box; color: #2f333a; font-family: museo-sans, Arial, sans-serif; font-size: 12px;\">reduce the appearance of aging skin*</span><br style=\"box-sizing: border-box; color: #2f333a; font-family: museo-sans, Arial, sans-serif; font-size: 12px;\" /><br style=\"box-sizing: border-box; color: #2f333a; font-family: museo-sans, Arial, sans-serif; font-size: 12px;\" /><span style=\"box-sizing: border-box; color: #2f333a; font-family: museo-sans, Arial, sans-serif; font-size: 12px;\">PlatniumMatrix Collection</span><br style=\"box-sizing: border-box; color: #2f333a; font-family: museo-sans, Arial, sans-serif; font-size: 12px;\" /><span style=\"box-sizing: border-box; color: #2f333a; font-family: museo-sans, Arial, sans-serif; font-size: 12px;\">NeoCell\'s Platinum Matrix Collection is a premium line of nutraceuticals scientirically crafted to support collagen health on a systemic level, targeting specific wellness concerns for total body vitality.</span><br style=\"box-sizing: border-box; color: #2f333a; font-family: museo-sans, Arial, sans-serif; font-size: 12px;\" /><br style=\"box-sizing: border-box; color: #2f333a; font-family: museo-sans, Arial, sans-serif; font-size: 12px;\" /><span style=\"box-sizing: border-box; color: #2f333a; font-family: museo-sans, Arial, sans-serif; font-size: 12px;\">Collagen Matrix &amp; Ceramides</span><br style=\"box-sizing: border-box; color: #2f333a; font-family: museo-sans, Arial, sans-serif; font-size: 12px;\" /><span style=\"box-sizing: border-box; color: #2f333a; font-family: museo-sans, Arial, sans-serif; font-size: 12px;\">Ceramides are a clinically-proven multifunctional nutricosmetic that fortify the skin\'s outermost layer and act as a water barrier to prevent the evaporation of moisture through the epidermis, keeping the skin hydrated and supple. Ceramides also prevent the breakdown of the skin\'s collagen matrix by inhibiting collagenase, an enzyme that degrades collagen.*</span><br style=\"box-sizing: border-box; color: #2f333a; font-family: museo-sans, Arial, sans-serif; font-size: 12px;\" /><br style=\"box-sizing: border-box; color: #2f333a; font-family: museo-sans, Arial, sans-serif; font-size: 12px;\" /><span style=\"box-sizing: border-box; color: #2f333a; font-family: museo-sans, Arial, sans-serif; font-size: 12px;\">Glow Matrix&trade; provides scientifically advanced ingredients designed to internally hydrate the skin. This premium formula supports the lipidic barrier of the skin which helps to lock in moisture and smooth the skin. Like all NeoCell products, Glow Matrix&trade; is standardized to be both bioavailable and bioactive for maximum absorption and efficacy.*</span><br style=\"box-sizing: border-box; color: #2f333a; font-family: museo-sans, Arial, sans-serif; font-size: 12px;\" /><br style=\"box-sizing: border-box; color: #2f333a; font-family: museo-sans, Arial, sans-serif; font-size: 12px;\" /><span style=\"box-sizing: border-box; color: #2f333a; font-family: museo-sans, Arial, sans-serif; font-size: 12px;\">Ceramosides&trade; Ceramides</span><br style=\"box-sizing: border-box; color: #2f333a; font-family: museo-sans, Arial, sans-serif; font-size: 12px;\" /><span style=\"box-sizing: border-box; color: #2f333a; font-family: museo-sans, Arial, sans-serif; font-size: 12px;\">Ceramides are specific lipids naturally present in the skin essential to the \"lipidic barrier\" or moisture barrier. Ceramosides&trade; ceramides are clinically proven to increase smoothness, moisture and elasticity in just 15 days.*</span><br style=\"box-sizing: border-box; color: #2f333a; font-family: museo-sans, Arial, sans-serif; font-size: 12px;\" /><br style=\"box-sizing: border-box; color: #2f333a; font-family: museo-sans, Arial, sans-serif; font-size: 12px;\" /><span style=\"box-sizing: border-box; color: #2f333a; font-family: museo-sans, Arial, sans-serif; font-size: 12px;\">Glow Matrix Blend&trade;</span><br style=\"box-sizing: border-box; color: #2f333a; font-family: museo-sans, Arial, sans-serif; font-size: 12px;\" /><span style=\"box-sizing: border-box; color: #2f333a; font-family: museo-sans, Arial, sans-serif; font-size: 12px;\">A scientifically crafted blend of vitamins, minerals and extracts supporting hydration while combating free radicals in the body to support your collagen systems.*</span><br style=\"box-sizing: border-box; color: #2f333a; font-family: museo-sans, Arial, sans-serif; font-size: 12px;\" /><br style=\"box-sizing: border-box; color: #2f333a; font-family: museo-sans, Arial, sans-serif; font-size: 12px;\" /><span style=\"box-sizing: border-box; color: #2f333a; font-family: museo-sans, Arial, sans-serif; font-size: 12px;\">Hyaluronic Acid</span><br style=\"box-sizing: border-box; color: #2f333a; font-family: museo-sans, Arial, sans-serif; font-size: 12px;\" /><span style=\"box-sizing: border-box; color: #2f333a; font-family: museo-sans, Arial, sans-serif; font-size: 12px;\">A water-loving nutrient that is natually occurring in the skin to help maintain suppleness, hydration, and elasticity.*</span></p>', 'Rack 4', 5, 1, 0, 'Mohammad Arman', '2018-07-03 12:11:13', '2018-07-03 12:11:13'),
(19, 'SCIVATION XTEND® BCAAS', 'Screenshot_59e31fe5326.png', 2, 2, 0, 0, 0, 17, 3550.00, 4200.00, 0, 0, 0, 4200, 10.00, 'none', '2018-07-04', '2020-07-04', '<ul style=\"box-sizing: border-box; line-height: 1.25rem; list-style: none; margin: 0px; padding: 0px; color: #2f333a; font-family: museo-sans, Arial, sans-serif; font-size: 12px;\">\r\n<li style=\"box-sizing: border-box;\">Support Muscle Growth*</li>\r\n<li style=\"box-sizing: border-box;\">Support Recovery*</li>\r\n<li style=\"box-sizing: border-box;\">Replenishes Electrolytes</li>\r\n</ul>\r\n<p style=\"box-sizing: border-box; margin-bottom: 0px; color: #8c8c8c; font-family: \'Clear Sans\', \'Helvetica Neue\', Helvetica, Arial, sans-serif; font-size: 14px;\"><span style=\"box-sizing: border-box; color: #2f333a; font-family: museo-sans, Arial, sans-serif; font-size: 12px;\">Scivation XTEND&reg; contains 7g of BCAAs - in the nature-designed and widely-researched 2:1:1 ratio - along with Glutamine and Citrulline Malate. Plus, with a proprietary blend of hydration-promoting electrolytes, Scivation XTEND&reg; is the delicious, refreshing, sugar-free way to help anyone grind through a grueling gym session.*</span><br style=\"box-sizing: border-box; color: #2f333a; font-family: museo-sans, Arial, sans-serif; font-size: 12px;\" /><span style=\"box-sizing: border-box; color: #2f333a; font-family: museo-sans, Arial, sans-serif; font-size: 12px;\">World-class athletes, elite bodybuilders, champion powerlifters, and weight-training enthusiasts of varying types use Scivation XTEND&reg; during their workouts in order to help them train longer, harder, and with more intensity.*</span><br style=\"box-sizing: border-box; color: #2f333a; font-family: museo-sans, Arial, sans-serif; font-size: 12px;\" /><span style=\"box-sizing: border-box; color: #2f333a; font-family: museo-sans, Arial, sans-serif; font-size: 12px;\">Use Scivation XTEND&reg; to get the most out of your next workout.*</span></p>\r\n<div class=\"output\" style=\"box-sizing: border-box; clear: both; padding-bottom: 1.25rem; color: #2f333a; font-family: museo-sans, Arial, sans-serif; font-size: 12px;\">\r\n<h3 style=\"box-sizing: border-box; font-weight: 500; font-size: 1.375rem; color: #042430; font-family: brandon-grotesque, Arial, sans-serif; text-transform: uppercase; margin: 0px; line-height: 1.9375rem;\">PRODUCT DIRECTIONS / ADDITIONAL INFO</h3>\r\nAs a dietary supplement, mix one scoop per 8-10 oz. of water. Shake well and consume during exercise on training days, or throughout the day on non-training days.</div>\r\n<div class=\"output\" style=\"box-sizing: border-box; clear: both; padding-bottom: 1.25rem; color: #2f333a; font-family: museo-sans, Arial, sans-serif; font-size: 12px;\">Contains Soy. Product was produced in a facility that may also process ingredients containing milk, eggs, fish, shellfish, tree nuts, peanuts, wheat and soybeans.</div>\r\n<div class=\"output\" style=\"box-sizing: border-box; clear: both; padding-bottom: 1.25rem; color: #2f333a; font-family: museo-sans, Arial, sans-serif; font-size: 12px;\">\r\n<h4 style=\"box-sizing: border-box; font-weight: 500; font-size: 1.125rem; color: #1a1a1a; font-family: brandon-grotesque, Arial, sans-serif; margin: 0px; line-height: 1.625rem;\">Warnings</h4>\r\nThis product is only intended for healthy adults, 18 years of age or older. Do not use if pregnant or nursing. Consult with a licensed, qualified healthcare professional before taking this or any dietary supplement product. Immediately discontinue use and contact your healthcare professional if you experience any adverse reaction to this product. Use only as directed. Do not use if safety seal is broken or missing. Store in a cool dry place. KEEP OUT OF REACH OF CHILDREN.</div>', 'Rack 3', 5, 1, 0, 'Mohammad Arman', '2018-07-03 12:13:21', '2018-07-03 12:13:21'),
(20, 'Gaviscon Liquid Pepperment 200 ml', 'Gaviscon-Peppermint-400x4000c734d16a2.jpg', 5, 3, 0, 0, 0, 40, 390.00, 418.00, 0, 0, 0, 418, 0.00, '100ml', '2018-07-04', '2020-07-24', '<p><span style=\"color: #777777; font-family: \'Open Sans\'; font-size: 14px;\">Gaviscon Liquid Pepperment 200 ml. Soothing relief from heartburn in less than 5 minutes.</span><br style=\"box-sizing: border-box; margin-bottom: 0px; color: #777777; font-family: \'Open Sans\'; font-size: 14px;\" /><span style=\"color: #777777; font-family: \'Open Sans\'; font-size: 14px;\">Manufacturer/distributor: Reckitt Benckiser Bangladesh Ltd.</span></p>', 'Rack 5', 5, 1, 0, 'Mohammad Arman', '2018-07-03 14:13:52', '2018-07-03 14:13:52'),
(21, 'Carmina syrup', 'gen_medicine_prod-300x300-15d9f9f67d4.jpg', 5, 1, 0, 0, 0, 97, 120.00, 130.00, 0, 0, 0, 130, 0.00, '100ml', '2018-07-04', '2020-07-04', '<p style=\"box-sizing: border-box; margin: 0px 0px 10px; line-height: 24px; color: #777777; font-family: \'Open Sans\'; font-size: 14px;\"><strong style=\"box-sizing: border-box; margin-bottom: 0px;\">Type:</strong>&nbsp;Others</p>\r\n<p style=\"box-sizing: border-box; margin: 0px; line-height: 24px; color: #777777; font-family: \'Open Sans\'; font-size: 14px;\"><strong style=\"box-sizing: border-box;\">Manufacturer/Distributor:</strong>&nbsp;Hamdard&nbsp;<br style=\"box-sizing: border-box;\" /><strong style=\"box-sizing: border-box;\"><br style=\"box-sizing: border-box; margin-bottom: 0px;\" />Side effects:</strong>&nbsp;<br style=\"box-sizing: border-box;\" /><strong style=\"box-sizing: border-box;\">Precautions and warnings:</strong><br style=\"box-sizing: border-box;\" /><br style=\"box-sizing: border-box;\" /><strong style=\"box-sizing: border-box;\">Pregnancy category:</strong>Not categorized yet<br style=\"box-sizing: border-box;\" /><br style=\"box-sizing: border-box;\" /><strong style=\"box-sizing: border-box;\">Child:</strong>&nbsp;Recommended<br style=\"box-sizing: border-box;\" /><br style=\"box-sizing: border-box;\" /><strong style=\"box-sizing: border-box;\">Therapeutic class:</strong><br style=\"box-sizing: border-box;\" /><br style=\"box-sizing: border-box;\" /><strong style=\"box-sizing: border-box;\">Dosage and administrations:</strong>&nbsp;Adult &ndash; 2 tsf 2-3 time daily after meals. Child&middot; 1 tsf twice daily after meals.<br style=\"box-sizing: border-box;\" /><br style=\"box-sizing: border-box;\" /><strong style=\"box-sizing: border-box;\">Indication:</strong>&nbsp;Digestive disorder due to impainnent of live function, dyspepsia, flatulence, diarrhoea, constipation etc.<br style=\"box-sizing: border-box;\" /><br style=\"box-sizing: border-box;\" /><strong style=\"box-sizing: border-box;\">Composition action:</strong>&nbsp;Should not use in dysentery &amp; ulcer.</p>', 'Rack 5', 5, 1, 0, 'Mohammad Arman', '2018-07-03 14:16:16', '2018-07-03 14:16:16'),
(22, 'Ispergul', 'Ispergul00e28756ef.png', 5, 6, 0, 0, 0, 50, 380.00, 395.00, 0, 0, 0, 395, 0.00, 'none', '2018-07-04', '2020-07-04', '<p><span style=\"color: #777777; font-family: \'Open Sans\'; font-size: 14px;\">Plantago ovata husk</span><br style=\"box-sizing: border-box; margin-bottom: 0px; color: #777777; font-family: \'Open Sans\'; font-size: 14px;\" /><span style=\"color: #777777; font-family: \'Open Sans\'; font-size: 14px;\">Manufacturer/Distributor: Square</span></p>', 'Rack 4', 5, 1, 0, 'Mohammad Arman', '2018-07-03 14:18:31', '2018-07-03 14:18:31'),
(23, 'Rooh Afza 750ml Sharbat', 'ROOH_AFZa64c4c621d5.jpg', 5, 6, 2, 0, 0, 20, 230.00, 250.00, 2500, 0, 0, 250, 0.00, '750ml', '2018-07-04', '2020-07-25', '<p style=\"box-sizing: border-box; margin: 0px 0px 10px; line-height: 24px; color: #777777; font-family: \'Open Sans\'; font-size: 14px;\">750ml Bottle. Heavenly Elixir and The best moniker Sharbat Rooh Afza</p>\r\n<p style=\"box-sizing: border-box; margin: 0px; line-height: 24px; color: #777777; font-family: \'Open Sans\'; font-size: 14px;\">নির্দেশনাঃ সাধারণ দুর্বলতা, অবসন্নতা, অস্থিরতা, মাথা ঘোড়া, মাথা ঝিম ঝিম করা, গরমে মূর্ছা যাওয়া, বমি বমি ভাব, নিস্তজতা, বুক ধড়ফড় করা, উচচ রক্তচাপ, বুকে ব্যথা, মাংস পেশীর খিঁচুনি, প্রস্রাব কমে যাওয়া ও জালা পোড়া, ডায়রিয়া, দেহে মৌলিক উপাদানের ঘাটতি, ভিটামিনের ঘাটতি, বদ হজম, টক ঢেকুর, পেট ব্যথা, পানি স্বল্পতা, তীব্র পানি পিপাসা, শরীরের তাপমাত্রা বৃদ্ধি ।</p>', 'Rack 5', 5, 1, 0, 'Mohammad Arman', '2018-07-03 14:21:11', '2018-07-03 14:21:11'),
(24, 'Fevnil syrup', 'gen_medicine_prod-300x300-1c71098f778.jpg', 5, 1, 0, 0, 0, 10, 65.00, 70.00, 0, 0, 0, 70, 0.00, '100ml', '2018-07-04', '2019-07-27', '<p style=\"box-sizing: border-box; margin: 0px 0px 10px; line-height: 24px; color: #777777; font-family: \'Open Sans\'; font-size: 14px;\"><strong style=\"box-sizing: border-box; margin-bottom: 0px;\">Type:</strong>&nbsp;Others</p>\r\n<p style=\"box-sizing: border-box; margin: 0px; line-height: 24px; color: #777777; font-family: \'Open Sans\'; font-size: 14px;\"><strong style=\"box-sizing: border-box;\">Manufacturer/Distributor:</strong>&nbsp;Hamdard&nbsp;<br style=\"box-sizing: border-box;\" /><strong style=\"box-sizing: border-box;\"><br style=\"box-sizing: border-box; margin-bottom: 0px;\" />Side effects:</strong>&nbsp;No significant side effect has been observed in proper dosage.&nbsp;<br style=\"box-sizing: border-box;\" /><strong style=\"box-sizing: border-box;\">Precautions and warnings:</strong><br style=\"box-sizing: border-box;\" /><br style=\"box-sizing: border-box;\" /><strong style=\"box-sizing: border-box;\">Pregnancy category:</strong>Not categorized yet<br style=\"box-sizing: border-box;\" /><br style=\"box-sizing: border-box;\" /><strong style=\"box-sizing: border-box;\">Child:</strong>&nbsp;Recommended<br style=\"box-sizing: border-box;\" /><br style=\"box-sizing: border-box;\" /><strong style=\"box-sizing: border-box;\">Therapeutic class:</strong><br style=\"box-sizing: border-box;\" /><br style=\"box-sizing: border-box;\" /><strong style=\"box-sizing: border-box;\">Dosage and administrations:</strong>&nbsp;Adults: 2-4 tsf 2-3 times daily. Children: 1/2-1 tsf 2-3 times daily or as directed by the physician.<br style=\"box-sizing: border-box;\" /><br style=\"box-sizing: border-box;\" /><strong style=\"box-sizing: border-box;\">Indication:</strong>&nbsp;Fever, influenza, typhoid, paratyphoid, measles, c;hickenpox.<br style=\"box-sizing: border-box;\" /><br style=\"box-sizing: border-box;\" /><strong style=\"box-sizing: border-box;\">Composition action:</strong>&nbsp;There is no known contraindication.</p>', 'Rack 5', 5, 1, 0, 'Mohammad Arman', '2018-07-03 14:23:59', '2018-07-03 14:23:59'),
(25, 'Veet Sensitive Touch Electric Trimmer', 'veet_sensitive_touch-400x4007a451acc49.jpg', 5, 4, 0, 0, 0, 50, 1500.00, 1650.00, 0, 0, 0, 1650, 0.00, 'none', '2018-07-04', '2021-07-04', '<p><span style=\"color: #777777; font-family: \'Open Sans\'; font-size: 14px;\">Electric Trimmer</span><br style=\"box-sizing: border-box; color: #777777; font-family: \'Open Sans\'; font-size: 14px;\" /><span style=\"color: #777777; font-family: \'Open Sans\'; font-size: 14px;\">Quick &amp; Gentle</span><br style=\"box-sizing: border-box; color: #777777; font-family: \'Open Sans\'; font-size: 14px;\" /><span style=\"color: #777777; font-family: \'Open Sans\'; font-size: 14px;\">Waterproof &amp; High Precision</span><br style=\"box-sizing: border-box; color: #777777; font-family: \'Open Sans\'; font-size: 14px;\" /><span style=\"color: #777777; font-family: \'Open Sans\'; font-size: 14px;\">1 Gadget + 7 Accessories</span><br style=\"box-sizing: border-box; margin-bottom: 0px; color: #777777; font-family: \'Open Sans\'; font-size: 14px;\" /><span style=\"color: #777777; font-family: \'Open Sans\'; font-size: 14px;\">Distributor: Reckitt and Benckiser</span></p>', 'Rack 3', 10, 1, 0, 'Mohammad Arman', '2018-07-03 14:27:43', '2018-07-03 14:27:43'),
(26, 'Clean & Clear Morning Energy Face Wash', 'Clean-And-Clear-Morning-Energy-Face-Wash-150Ml493da97b0f.png', 5, 2, 0, 3, 0, 30, 465.00, 480.00, 0, 4800, 0, 480, 0.00, '150ml', '2018-07-04', '2020-07-26', '<p style=\"box-sizing: border-box; margin: 0px 0px 10px; line-height: 24px; color: #777777; font-family: \'Open Sans\'; font-size: 14px;\">Product Type: Face Wash</p>\r\n<p style=\"box-sizing: border-box; margin: 0px 0px 10px; line-height: 24px; color: #777777; font-family: \'Open Sans\'; font-size: 14px;\">Capacity: 150ml.</p>\r\n<p style=\"box-sizing: border-box; margin: 0px; line-height: 24px; color: #777777; font-family: \'Open Sans\'; font-size: 14px;\">Origin:&nbsp;Greece</p>', 'Rack 2', 5, 1, 1, 'Mohammad Arman', '2018-07-03 14:30:14', '2018-07-03 14:30:14');
INSERT INTO `ecommerce_products` (`id`, `product_name`, `product_image`, `category_id`, `supplier_id`, `carton_qty`, `box_qty`, `strip_qty`, `piece_qty`, `purchase_rate`, `sale_rate`, `carton_sales_rate`, `box_sales_rate`, `strip_sales_rate`, `piece_sales_rate`, `discount`, `weight`, `manufacturing_date`, `expiry_date`, `description`, `rack_number`, `reorder_level`, `publication_status`, `feature_product`, `created_by`, `created_at`, `updated_at`) VALUES
(27, 'Re-Hair Tonic Extra 100 ml', 'Biowoman-Re-Hare-Tonic-Extra-100ml-400x4001720304ca3.jpg', 5, 2, 0, 0, 0, 10, 950.00, 1000.00, 0, 0, 0, 1000, 0.00, '100ml', '2018-07-04', '2019-07-04', '<p><span style=\"color: #777777; font-family: \'Open Sans\'; font-size: 14px;\">Re Hair Tonic Extra Bio Woman For Chronic Hair Loss Size 100ml</span><br style=\"box-sizing: border-box; margin-bottom: 0px; color: #777777; font-family: \'Open Sans\'; font-size: 14px;\" /><span style=\"color: #777777; font-family: \'Open Sans\'; font-size: 14px;\">Brand-new condition in its original retail packaging; unused, unopened,undamaged, with sufficient shelf life. 100% Original&amp; Authentic with reasonable price</span></p>', 'Rack 4', 5, 1, 0, 'Mohammad Arman', '2018-07-03 14:34:30', '2018-07-03 14:34:30'),
(28, 'Himalaya Whitening Face Wash 100ml.', 'himalaya-whitening-face-wash-110ml.50089ddb07.png', 5, 6, 0, 0, 0, 28, 260.00, 275.00, 2750, 0, 0, 275, 0.00, '100ml', '2018-07-04', '2019-07-04', '<p style=\"box-sizing: border-box; margin: 0px 0px 10px; line-height: 24px; color: #777777; font-family: \'Open Sans\'; font-size: 14px;\">Product Type: Face Wash</p>\r\n<p style=\"box-sizing: border-box; margin: 0px 0px 10px; line-height: 24px; color: #777777; font-family: \'Open Sans\'; font-size: 14px;\">Capacity: 100ml.</p>\r\n<p style=\"box-sizing: border-box; margin: 0px; line-height: 24px; color: #777777; font-family: \'Open Sans\'; font-size: 14px;\">Origin: India</p>', 'Rack 4', 5, 1, 1, 'Mohammad Arman', '2018-07-03 14:36:15', '2018-07-03 14:36:15'),
(29, 'Whisper Maxi Night 15 pcs. (XL)', 'whisper-maxi-night-15pcs...-101cd36b23c.png', 4, 3, 0, 0, 0, 24, 240.00, 250.00, 1250, 0, 0, 250, 0.00, '15pcs', '2018-07-04', '2020-07-04', '<p><span style=\"color: #777777; font-family: \'Open Sans\'; font-size: 14px;\">Sanitary Napkin / Pad</span><br style=\"box-sizing: border-box; color: #777777; font-family: \'Open Sans\'; font-size: 14px;\" /><span style=\"color: #777777; font-family: \'Open Sans\'; font-size: 14px;\">15-pcs(XL)/ Maxi Night</span><br style=\"box-sizing: border-box; margin-bottom: 0px; color: #777777; font-family: \'Open Sans\'; font-size: 14px;\" /><span style=\"color: #777777; font-family: \'Open Sans\'; font-size: 14px;\">Whisper</span></p>', 'Rack 6', 5, 1, 1, 'Mohammad Arman', '2018-07-03 14:40:29', '2018-07-03 14:40:29'),
(30, 'Senora Regular (panty system) 15pcs.', 'senora-regular-panty-system-15pcs.0724348954.png', 4, 6, 0, 0, 0, 19, 110.00, 120.00, 0, 480, 0, 120, 0.00, '15pcs', '2018-07-04', '2020-07-04', '<p><span style=\"color: #777777; font-family: \'Open Sans\'; font-size: 14px;\">Sanitary Napkin / Pad</span><br style=\"box-sizing: border-box; color: #777777; font-family: \'Open Sans\'; font-size: 14px;\" /><span style=\"color: #777777; font-family: \'Open Sans\'; font-size: 14px;\">15-pcs./ Regular(Panty System)</span><br style=\"box-sizing: border-box; margin-bottom: 0px; color: #777777; font-family: \'Open Sans\'; font-size: 14px;\" /><span style=\"color: #777777; font-family: \'Open Sans\'; font-size: 14px;\">Square/ Senora</span></p>', 'Rack 6', 5, 1, 0, 'Mohammad Arman', '2018-07-03 14:43:00', '2018-07-03 14:43:00'),
(31, 'First Aid Box', 'first_aid_box_medium_blue-400x400ceae3b1297.jpg', 7, 6, 0, 0, 0, 5, 1400.00, 1450.00, 0, 0, 0, 1450, 0.00, 'none', '2018-07-04', '2021-07-04', '<p style=\"box-sizing: border-box; margin: 0px 0px 10px; line-height: 24px; color: #777777; font-family: \'Open Sans\'; font-size: 14px;\">First Aid Box</p>\r\n<p style=\"box-sizing: border-box; margin: 0px; line-height: 24px; color: #777777; font-family: \'Open Sans\'; font-size: 14px;\">Size: Medium(Width-14&Prime; X&nbsp;Hight-7.6&Prime; X&nbsp;Length-7&Prime;)</p>', 'Rack 6', 5, 1, 0, 'Mohammad Arman', '2018-07-03 14:45:31', '2018-07-03 14:45:31'),
(32, 'Pozzy Baby Wipes-Turkey', 'Pozzy-Baby-Wipes7820782cff.jpg', 4, 4, 0, 0, 0, 19, 205.00, 220.00, 2200, 0, 0, 220, 0.00, 'none', '2018-07-04', '2020-07-26', '<h2 class=\"product_title entry-title\" style=\"box-sizing: border-box; font-family: \'Open Sans\'; line-height: 40px; color: #555555; margin: 0px 0px 0.5em; font-size: 2em; letter-spacing: -1px;\">Pozzy Baby Wipes-Turkey</h2>', 'Rack 5', 5, 1, 1, 'Mohammad Arman', '2018-07-03 14:47:31', '2018-07-03 14:47:31'),
(33, 'Johnson’s Baby Gentle Cleansing', 'Johnsons-Baby-Gentle-Cleansing-Wipesf85bb2c75a.jpg', 4, 1, 0, 0, 0, 8, 180.00, 190.00, 0, 0, 0, 190, 0.00, 'none', '2018-07-04', '2020-07-04', '<h2 class=\"product_title entry-title\" style=\"box-sizing: border-box; font-family: \'Open Sans\'; line-height: 40px; color: #555555; margin: 0px 0px 0.5em; font-size: 2em; letter-spacing: -1px;\">Johnson&rsquo;s Baby Gentle Cleansing&nbsp;</h2>', 'Rack 2', 5, 1, 1, 'Mohammad Arman', '2018-07-03 14:49:04', '2018-07-03 14:49:04'),
(34, 'Johnson’s baby soap white 75g-Thailand', 'johnsons-baby-soap-white-thai-75gc3c9558e7f.jpg', 4, 6, 3, 0, 0, 15, 85.00, 90.00, 450, 0, 0, 90, 0.00, '75gm', '2018-07-04', '2020-07-04', '<h2 class=\"product_title entry-title\" style=\"box-sizing: border-box; font-family: \'Open Sans\'; line-height: 40px; color: #555555; margin: 0px 0px 0.5em; font-size: 2em; letter-spacing: -1px;\">Johnson&rsquo;s baby soap white 75g-Thailand</h2>', 'Rack 5', 10, 1, 1, 'Mohammad Arman', '2018-07-03 14:50:42', '2018-07-03 14:50:42'),
(35, 'Lactokid-3 Tin 1800g.-Lactogen 3', 'lectokid-3-400x40040f646e5f8.jpg', 4, 4, 0, 0, 0, 15, 2250.00, 2550.00, 0, 0, 0, 2550, 5.00, '1800gm', '2018-07-04', '2020-07-04', '<p><span style=\"color: #777777; font-family: \'Open Sans\'; font-size: 14px;\">Baby Milk</span><br style=\"box-sizing: border-box; color: #777777; font-family: \'Open Sans\'; font-size: 14px;\" /><span style=\"color: #777777; font-family: \'Open Sans\'; font-size: 14px;\">Manufacturer/Distributor: Nestle</span><br style=\"box-sizing: border-box; margin-bottom: 0px; color: #777777; font-family: \'Open Sans\'; font-size: 14px;\" /><span style=\"color: #777777; font-family: \'Open Sans\'; font-size: 14px;\">1800gr.(Tin)/Philippines</span></p>', 'Rack 5', 5, 1, 0, 'Mohammad Arman', '2018-07-03 14:57:16', '2018-07-03 14:57:16'),
(36, 'Nido 1 Plus 900gr', 'nido-one-plus-900gr.4c080233b8.png', 4, 6, 0, 0, 0, 9, 1350.00, 1420.00, 0, 0, 0, 1420, 0.00, '900gr', '2018-07-04', '2020-07-04', '<p style=\"box-sizing: border-box; margin: 0px 0px 10px; line-height: 24px; color: #777777; font-family: \'Open Sans\'; font-size: 14px;\">Milk</p>\r\n<p style=\"box-sizing: border-box; margin: 0px 0px 10px; line-height: 24px; color: #777777; font-family: \'Open Sans\'; font-size: 14px;\">Manufacturer/Distributor: Nestle</p>\r\n<p style=\"box-sizing: border-box; margin: 0px; line-height: 24px; color: #777777; font-family: \'Open Sans\'; font-size: 14px;\">900gr. Tin / UAE</p>', 'Rack 4', 5, 1, 1, 'Mohammad Arman', '2018-07-03 15:01:46', '2018-07-03 15:01:46'),
(37, 'ORSaline-N (SMC)', 'smcd2b3a5b467.png', 1, 6, 0, 10, 0, 100, 4.50, 5.00, 0, 50, 0, 5, 0.00, 'none', '2018-07-04', '2020-07-04', '<p><span style=\"color: #777777; font-family: \'Open Sans\'; font-size: 14px;\">Saline</span><br style=\"box-sizing: border-box; margin-bottom: 0px; color: #777777; font-family: \'Open Sans\'; font-size: 14px;\" /><span style=\"color: #777777; font-family: \'Open Sans\'; font-size: 14px;\">Manufacturer/Distributor: Social Marketing Company (SMC)</span></p>', 'Rack 3', 15, 1, 0, 'Mohammad Arman', '2018-07-03 15:04:19', '2018-07-03 15:04:19'),
(38, 'Fimoxyl 500mg', 'gen_medicine_prod-300x300-16b4588f724.jpg', 1, 3, 0, 5, 25, 250, 6.00, 6.78, 0, 339, 67.8, 6.78, 0.00, '500mg', '2018-07-04', '2020-07-04', '<p><span style=\"color: #777777; font-family: \'Open Sans\'; font-size: 14px;\">Type: Caps.</span><br style=\"box-sizing: border-box; color: #777777; font-family: \'Open Sans\'; font-size: 14px;\" /><span style=\"color: #777777; font-family: \'Open Sans\'; font-size: 14px;\">Generic Name:Amoxycillin 500mg/capsule</span><br style=\"box-sizing: border-box; color: #777777; font-family: \'Open Sans\'; font-size: 14px;\" /><span style=\"color: #777777; font-family: \'Open Sans\'; font-size: 14px;\">Manufacturer/Distributor: Sanofi-aventis</span><br style=\"box-sizing: border-box; margin-bottom: 0px; color: #777777; font-family: \'Open Sans\'; font-size: 14px;\" /><span style=\"color: #777777; font-family: \'Open Sans\'; font-size: 14px;\">Dose:</span></p>', 'Rack 1', 20, 1, 0, 'Mohammad Arman', '2018-07-03 15:07:19', '2018-07-03 15:07:19'),
(39, 'Inflam 400mg', 'gen_medicine_prod-300x300-132f6cde57e.jpg', 1, 2, 0, 2.6, 26, 130, 1.20, 1.40, 0, 70, 7, 1.4, 0.00, '200mg', '2018-07-04', '2019-07-04', '<p><span style=\"color: #777777; font-family: \'Open Sans\'; font-size: 14px;\">Type: Tab.</span><br style=\"box-sizing: border-box; color: #777777; font-family: \'Open Sans\'; font-size: 14px;\" /><span style=\"color: #777777; font-family: \'Open Sans\'; font-size: 14px;\">Generic Name:Ibuprofen 200mg &amp; 400mg</span><br style=\"box-sizing: border-box; color: #777777; font-family: \'Open Sans\'; font-size: 14px;\" /><span style=\"color: #777777; font-family: \'Open Sans\'; font-size: 14px;\">Manufacturer/Distributor: Sanofi-aventis</span><br style=\"box-sizing: border-box; margin-bottom: 0px; color: #777777; font-family: \'Open Sans\'; font-size: 14px;\" /><span style=\"color: #777777; font-family: \'Open Sans\'; font-size: 14px;\">Dose:</span></p>', 'Rack 1', 20, 1, 0, 'Mohammad Arman', '2018-07-03 15:09:42', '2018-07-03 15:09:42'),
(40, 'Folison', 'gen_medicine_prod-300x300-15dd1d0f640.jpg', 1, 2, 0, 10, 50, 500, 1.20, 1.50, 0, 75, 15, 1.5, 0.00, '5mg', '2018-07-04', '2020-07-04', '<p>&nbsp;</p>\r\n<div id=\"product-tab\" class=\"woocommerce-tabs woocommerce-tabs-cb698bfq2xwpm337tu1jgozg4qd25cp\" style=\"box-sizing: border-box; margin-bottom: 3em; color: #777777; font-family: \'Open Sans\'; font-size: 14px; font-style: normal; font-variant-ligatures: normal; font-variant-caps: normal; font-weight: 400; letter-spacing: normal; orphans: 2; text-align: start; text-indent: 0px; text-transform: none; white-space: normal; widows: 2; word-spacing: 0px; -webkit-text-stroke-width: 0px; background-color: #ffffff; text-decoration-style: initial; text-decoration-color: initial; display: block; width: 857.5px;\">\r\n<div class=\"resp-tabs-container\" style=\"box-sizing: border-box; padding: 0px; clear: left;\">\r\n<div id=\"tab-description\" class=\"tab-content resp-tab-content resp-tab-content-active\" style=\"box-sizing: border-box; display: block; padding: 15px; border-width: 0px 1px 1px; border-image: initial; border-radius: 0px 0px 4px 4px; box-shadow: rgba(0, 0, 0, 0.04) 0px 1px 5px 0px; background: #ffffff; border-color: initial #eeeeee #eeeeee #eeeeee; border-style: initial solid solid solid;\">\r\n<p style=\"box-sizing: border-box; margin: 0px 0px 10px; line-height: 24px;\"><strong style=\"box-sizing: border-box; font-weight: bold; margin-bottom: 0px;\">Type:</strong>&nbsp;Tablet</p>\r\n<p style=\"box-sizing: border-box; margin: 0px; line-height: 24px;\"><strong style=\"box-sizing: border-box; font-weight: bold;\">Manufacturer/Distributor:</strong>&nbsp;Jayson Pharmaceuticals Ltd&nbsp;<br style=\"box-sizing: border-box;\" /><strong style=\"box-sizing: border-box; font-weight: bold;\"><br style=\"box-sizing: border-box; margin-bottom: 0px;\" />Side effects:</strong>&nbsp;Nausea, anorexia, abdominal distension and flatulence may develop.&nbsp;<br style=\"box-sizing: border-box;\" /><strong style=\"box-sizing: border-box; font-weight: bold;\">Precautions and warnings:</strong>&nbsp;It should never be given alone in the treatment of Addisonian pernicious anaemia and other vita. B 1 2 deficiency states because it may precipitate the onset of subacute combined degeneration of spinal cord. Do not use in malignant disease unless megalobl<br style=\"box-sizing: border-box;\" /><br style=\"box-sizing: border-box;\" /><strong style=\"box-sizing: border-box; font-weight: bold;\">Pregnancy category:</strong>Not categorized yet<br style=\"box-sizing: border-box;\" /><br style=\"box-sizing: border-box;\" /><strong style=\"box-sizing: border-box; font-weight: bold;\">Child:</strong>&nbsp;Recommended<br style=\"box-sizing: border-box;\" /><br style=\"box-sizing: border-box;\" /><strong style=\"box-sizing: border-box; font-weight: bold;\">Therapeutic class:</strong>&nbsp;Folic Acid<br style=\"box-sizing: border-box;\" /><br style=\"box-sizing: border-box;\" /><strong style=\"box-sizing: border-box; font-weight: bold;\">Dosage and administrations:</strong>&nbsp;Adult: Initially, 5mg daily for 4 months or until a haematopoietic response has been obtained; maintenance, 5mg every 1-7 days. Child: Initially daily for 2 days, upto Iyear 500 mcg/kg; 1-5 years 5mg; 6-12 years,10mg; maintenance half the initial dose.<br style=\"box-sizing: border-box;\" /><br style=\"box-sizing: border-box;\" /><strong style=\"box-sizing: border-box; font-weight: bold;\">Indication:</strong>&nbsp;Megaloblastic anaemia due to folic acid deficiency; prophylaxis and treatment of anaemia in pregnancy<br style=\"box-sizing: border-box;\" /><br style=\"box-sizing: border-box;\" /><strong style=\"box-sizing: border-box; font-weight: bold;\">Composition action:</strong>&nbsp;Pernicious anaemia.</p>\r\n</div>\r\n</div>\r\n</div>', 'Rack 1', 50, 1, 0, 'Mohammad Arman', '2018-07-03 15:13:27', '2018-07-03 15:13:27'),
(41, 'Caldil 500 mg', 'gen_medicine_prod-300x300-1be1704570d.jpg', 1, 4, 0, 5, 50, 500, 3.50, 4.00, 0, 400, 40, 4, 0.00, '500mg', '2018-07-04', '2020-07-04', '<p style=\"box-sizing: border-box; margin: 0px 0px 10px; line-height: 24px; color: #777777; font-family: \'Open Sans\'; font-size: 14px;\"><strong style=\"box-sizing: border-box; margin-bottom: 0px;\">Type:</strong>&nbsp;Tablet</p>\r\n<p style=\"box-sizing: border-box; margin: 0px; line-height: 24px; color: #777777; font-family: \'Open Sans\'; font-size: 14px;\"><strong style=\"box-sizing: border-box;\">Manufacturer/Distributor:</strong>&nbsp;Drug International Ltd.&nbsp;<br style=\"box-sizing: border-box;\" /><strong style=\"box-sizing: border-box;\"><br style=\"box-sizing: border-box; margin-bottom: 0px;\" />Side effects:</strong>&nbsp;Mild g.i disturbances; bradycardia, arrhythmias, and irritation after i.v injection.&nbsp;<br style=\"box-sizing: border-box;\" /><strong style=\"box-sizing: border-box;\">Precautions and warnings:</strong>&nbsp;Renal impairments; sarcoidosis; concurrent admin. of thiazide diuretics may increase the risk of hypercalcaemia.<br style=\"box-sizing: border-box;\" /><br style=\"box-sizing: border-box;\" /><strong style=\"box-sizing: border-box;\">Pregnancy category:</strong>Not categorized yet<br style=\"box-sizing: border-box;\" /><br style=\"box-sizing: border-box;\" /><strong style=\"box-sizing: border-box;\">Child:</strong>&nbsp;Recommended<br style=\"box-sizing: border-box;\" /><br style=\"box-sizing: border-box;\" /><strong style=\"box-sizing: border-box;\">Therapeutic class:</strong>&nbsp;Calcium Carbonate<br style=\"box-sizing: border-box;\" /><br style=\"box-sizing: border-box;\" /><strong style=\"box-sizing: border-box;\">Dosage and administrations:</strong>&nbsp;Adult preparation (500mg): 1 tablet daily or as directed by the physician. Higher doses should not be taken unless recommended by the physician, Pediatric preparation (250mg): Children, 1 tablet daily; Adolescent, 1-2 tablets daily; Adults, 2 tablets dail<br style=\"box-sizing: border-box;\" /><br style=\"box-sizing: border-box;\" /><strong style=\"box-sizing: border-box;\">Indication:</strong>&nbsp;Raised calcium requirement for children and adolescents at times of rapid growth, inadequate intake of calcium in the diet due to malnutrition, prevention and treatment of childhood rickets and osteomalacia, disorders of osteogenesis and tooth formation (<br style=\"box-sizing: border-box;\" /><br style=\"box-sizing: border-box;\" /><strong style=\"box-sizing: border-box;\">Composition action:</strong>&nbsp;Conditions associated with hypercalcaemia and hypercalciuria (e.g some forms of malignant disease).</p>', 'Rack 5', 50, 1, 0, 'Mohammad Arman', '2018-07-03 15:16:00', '2018-07-03 15:16:00'),
(42, 'Actrapid Insulin Hm 100IU/ML (Penfill)', 'Actrapid-Penfill-for-Inj-100-IU_ml94600cdf00.jpg', 1, 3, 0, 0, 0, 10, 400.00, 420.00, 0, 0, 0, 420, 0.00, '100ml', '2018-07-04', '2019-07-04', '<p><span style=\"color: #777777; font-family: \'Open Sans\'; font-size: 14px;\">Type: Inj.</span><br style=\"box-sizing: border-box; color: #777777; font-family: \'Open Sans\'; font-size: 14px;\" /><span style=\"color: #777777; font-family: \'Open Sans\'; font-size: 14px;\">Generic Name:Neutral insulin Inj. (human monocomponent) 100 i.u/ml.with penfill.</span><br style=\"box-sizing: border-box; color: #777777; font-family: \'Open Sans\'; font-size: 14px;\" /><span style=\"color: #777777; font-family: \'Open Sans\'; font-size: 14px;\">Manufacturer/Distributor: Transcom</span><br style=\"box-sizing: border-box; margin-bottom: 0px; color: #777777; font-family: \'Open Sans\'; font-size: 14px;\" /><span style=\"color: #777777; font-family: \'Open Sans\'; font-size: 14px;\">Dose:</span></p>', 'Rack 3', 5, 1, 1, 'Mohammad Arman', '2018-07-03 15:24:08', '2018-07-03 15:24:08'),
(43, 'Cod Liver Oil Capsule', 'codliver_oil182db4d17bf.jpg', 1, 4, 0, 4.33334, 13, 130, 2.00, 2.40, 0, 72, 24, 2.4, 0.00, 'none', '2018-07-04', '2020-07-04', '<p><span style=\"color: #777777; font-family: \'Open Sans\'; font-size: 14px;\">Capsule. Helps the formation of bones &amp; teeth and promotes resistance to cough and cold.</span><br style=\"box-sizing: border-box; margin-bottom: 0px; color: #777777; font-family: \'Open Sans\'; font-size: 14px;\" /><span style=\"color: #777777; font-family: \'Open Sans\'; font-size: 14px;\">Drug International Ltd.</span></p>', 'Rack 1', 30, 1, 0, 'Mohammad Arman', '2018-07-03 15:27:17', '2018-07-03 15:27:17');

-- --------------------------------------------------------

--
-- Table structure for table `expenses`
--

CREATE TABLE `expenses` (
  `id` int(10) UNSIGNED NOT NULL,
  `expense_name` varchar(255) COLLATE utf8mb4_unicode_ci NOT NULL,
  `branch_id` int(10) UNSIGNED NOT NULL,
  `amount` double(8,2) NOT NULL,
  `date` date NOT NULL,
  `created_at` timestamp NOT NULL DEFAULT current_timestamp() ON UPDATE current_timestamp(),
  `updated_at` timestamp NULL DEFAULT NULL
) ENGINE=InnoDB DEFAULT CHARSET=utf8mb4 COLLATE=utf8mb4_unicode_ci;

--
-- Dumping data for table `expenses`
--

INSERT INTO `expenses` (`id`, `expense_name`, `branch_id`, `amount`, `date`, `created_at`, `updated_at`) VALUES
(1, 'Employee Salary', 2, 15000.00, '2018-07-02', '2018-07-02 07:55:15', '2018-07-02 07:55:15'),
(2, 'Employee Salary', 3, 20000.00, '2018-07-02', '2018-07-02 08:04:46', '2018-07-02 08:04:46'),
(3, 'Employee Salary', 4, 17000.00, '2018-07-02', '2018-07-02 08:04:57', '2018-07-02 08:04:57'),
(4, 'Medicine Cost', 2, 12000.00, '2018-07-02', '2018-07-02 08:05:40', '2018-07-02 08:05:40'),
(5, 'Medicine Cost', 1, 20000.00, '2018-07-02', '2018-07-02 08:05:56', '2018-07-02 08:05:56'),
(6, 'Medicine Cost', 3, 15000.00, '2018-07-02', '2018-07-02 08:06:11', '2018-07-02 08:06:11'),
(7, 'Medicine Cost', 4, 16500.00, '2018-07-02', '2018-07-02 08:46:17', '2018-07-02 08:46:17');

-- --------------------------------------------------------

--
-- Table structure for table `invoices`
--

CREATE TABLE `invoices` (
  `id` int(10) UNSIGNED NOT NULL,
  `invoice_number` varchar(150) COLLATE utf8mb4_unicode_ci NOT NULL,
  `supplier_id` int(10) UNSIGNED DEFAULT NULL,
  `branch_id` int(11) DEFAULT NULL,
  `receiver_name` varchar(150) COLLATE utf8mb4_unicode_ci DEFAULT NULL,
  `mobile_number` varchar(15) COLLATE utf8mb4_unicode_ci DEFAULT NULL,
  `issue_date` datetime NOT NULL,
  `paid_date` date DEFAULT NULL,
  `total_amount` double(8,2) NOT NULL,
  `paid_amount` double(8,2) NOT NULL,
  `due_amount` double(8,2) NOT NULL,
  `invoice_type` tinyint(4) NOT NULL DEFAULT 0,
  `invoice_status` tinyint(4) NOT NULL DEFAULT 0,
  `created_by` varchar(255) COLLATE utf8mb4_unicode_ci NOT NULL,
  `created_at` timestamp NULL DEFAULT NULL,
  `updated_at` timestamp NULL DEFAULT NULL
) ENGINE=InnoDB DEFAULT CHARSET=utf8mb4 COLLATE=utf8mb4_unicode_ci;

--
-- Dumping data for table `invoices`
--

INSERT INTO `invoices` (`id`, `invoice_number`, `supplier_id`, `branch_id`, `receiver_name`, `mobile_number`, `issue_date`, `paid_date`, `total_amount`, `paid_amount`, `due_amount`, `invoice_type`, `invoice_status`, `created_by`, `created_at`, `updated_at`) VALUES
(56, '155', NULL, 2, 'Mohammad Arman', '1680950265', '2018-06-15 05:33:41', '2018-07-01', 1466.70, 1466.70, 0.00, 1, 1, 'Mohammad Arman', '2018-07-01 17:34:26', '2018-06-14 17:34:26'),
(57, '156', NULL, 3, 'Mohammad Arman', '1680950265', '2018-06-15 05:44:44', '2018-06-14', 1467.00, 1467.00, 0.00, 1, 1, 'Mohammad Arman', '2018-06-14 17:45:10', '2018-06-14 17:45:10'),
(59, '158', NULL, 4, 'Mohammad Arman', '1680950265', '2018-06-15 05:49:39', '2018-06-14', 1567.00, 1567.00, 0.00, 1, 1, 'Mohammad Arman', '2018-06-14 17:50:13', '2018-06-14 17:50:13'),
(60, '159', 1, NULL, NULL, NULL, '2018-06-15 17:31:43', '2018-06-15', 1600.00, 1600.00, 0.00, 2, 1, 'Mohammad Arman', '2018-06-15 05:32:46', '2018-06-15 06:01:59'),
(82, '160', 1, NULL, NULL, NULL, '2018-07-01 23:40:04', NULL, 6000.00, 0.00, 6000.00, 2, 2, 'Mohammad Arman', '2018-07-01 18:00:59', '2018-07-01 18:00:59'),
(83, '182', 2, NULL, NULL, NULL, '2018-07-02 00:14:50', '2018-07-03', 1000.00, 500.00, 500.00, 2, 2, 'Mohammad Arman', '2018-07-01 18:15:16', '2018-07-02 12:09:38'),
(84, '183', NULL, 4, 'Md. Tarek', '01680950265', '2018-07-04 04:06:35', '2018-07-04', 540.00, 540.00, 0.00, 1, 1, 'Md. Arman', '2018-07-03 22:07:30', '2018-07-03 22:07:30'),
(85, '184', NULL, 2, 'Mr. Sumon', '01832450287', '2018-07-04 04:09:47', '2018-07-04', 1140.00, 1140.00, 0.00, 1, 1, 'Md. Zohir', '2018-07-03 22:10:24', '2018-07-03 22:10:24'),
(86, '185', NULL, 4, 'Mohammad Arman', '1680950265', '2018-07-18 22:59:57', '2018-07-18', 15.00, 15.00, 0.00, 1, 1, 'Md. Arman', '2018-07-18 17:02:36', '2018-07-18 17:02:36'),
(87, '186', 2, NULL, NULL, NULL, '2018-07-18 23:05:32', NULL, 500.00, 0.00, 500.00, 2, 2, 'Mohammad Arman', '2018-07-18 17:06:41', '2018-07-18 17:06:41'),
(88, '187', NULL, 3, 'Mohammad Arman', '1680950265', '2018-07-18 23:26:03', '2018-07-18', 1105.00, 1105.00, 0.00, 1, 1, 'Arman', '2018-07-18 17:27:17', '2018-07-18 17:27:17'),
(89, '188', NULL, 3, 'Mohammad Arman', '1680950265', '2018-07-18 23:35:30', '2018-07-18', 950.00, 950.00, 0.00, 1, 1, 'Arman', '2018-07-18 17:36:12', '2018-07-18 17:36:12'),
(90, '189', NULL, 2, 'Md. Rafique', '01832282753', '2018-07-18 23:39:41', '2018-07-18', 1380.00, 1380.00, 0.00, 1, 1, 'Md. Zohir', '2018-07-18 17:41:25', '2018-07-18 17:41:25');

-- --------------------------------------------------------

--
-- Table structure for table `invoice_items`
--

CREATE TABLE `invoice_items` (
  `id` int(10) UNSIGNED NOT NULL,
  `invoice_id` int(10) UNSIGNED NOT NULL,
  `product_name` varchar(255) COLLATE utf8mb4_unicode_ci NOT NULL,
  `product_type` varchar(50) COLLATE utf8mb4_unicode_ci NOT NULL,
  `quantity` int(11) NOT NULL,
  `price` double(8,2) NOT NULL,
  `created_by` varchar(255) COLLATE utf8mb4_unicode_ci NOT NULL,
  `created_at` timestamp NOT NULL DEFAULT current_timestamp() ON UPDATE current_timestamp(),
  `updated_at` timestamp NULL DEFAULT NULL
) ENGINE=InnoDB DEFAULT CHARSET=utf8mb4 COLLATE=utf8mb4_unicode_ci;

--
-- Dumping data for table `invoice_items`
--

INSERT INTO `invoice_items` (`id`, `invoice_id`, `product_name`, `product_type`, `quantity`, `price`, `created_by`, `created_at`, `updated_at`) VALUES
(25, 56, 'Napa Extra', 'Strip', 10, 40.00, 'Mohammad Arman', '2018-06-14 23:34:26', NULL),
(26, 56, 'Primace', 'Strip', 10, 106.67, 'Mohammad Arman', '2018-06-14 23:34:26', NULL),
(27, 57, 'Napa Extra', 'Piece', 100, 4.00, 'Mohammad Arman', '2018-06-14 23:45:10', NULL),
(28, 57, 'Primace', 'Piece', 100, 10.67, 'Mohammad Arman', '2018-06-14 23:45:10', NULL),
(31, 59, 'Napa Extra', 'Piece', 125, 4.00, 'Mohammad Arman', '2018-06-14 23:50:13', NULL),
(32, 59, 'Primace', 'Piece', 100, 10.67, 'Mohammad Arman', '2018-06-14 23:50:13', NULL),
(33, 60, 'Nepagen Eye Drop', 'Piece', 5, 170.00, 'Mohammad Arman', '2018-06-15 11:32:46', NULL),
(34, 60, 'Combat Eye Drop', 'Piece', 5, 150.00, 'Mohammad Arman', '2018-06-15 11:32:46', NULL),
(47, 82, 'Combat Eye Drop', 'Piece', 50, 120.00, 'Mohammad Arman', '2018-07-01 18:00:59', NULL),
(48, 83, 'Optimox', 'Piece', 10, 100.00, 'Mohammad Arman', '2018-07-01 18:15:16', NULL),
(49, 84, 'A-MYCIN LOTION', 'Piece', 3, 180.00, 'Md. Arman', '2018-07-03 22:07:30', NULL),
(50, 85, 'Cod Liver Oil Capsule', 'Strip', 10, 24.00, 'Md. Zohir', '2018-07-03 22:10:24', NULL),
(51, 85, 'A-MYCIN LOTION', 'Piece', 5, 180.00, 'Md. Zohir', '2018-07-03 22:10:24', NULL),
(52, 86, 'ORSaline-N (SMC)', 'Piece', 3, 5.00, 'Md. Arman', '2018-07-18 17:02:36', NULL),
(53, 87, 'Optimox', 'Piece', 5, 100.00, 'Mohammad Arman', '2018-07-18 17:06:41', NULL),
(54, 88, 'ORSaline-N (SMC)', 'Piece', 5, 5.00, 'Arman', '2018-07-18 17:27:17', NULL),
(55, 88, 'A-MYCIN LOTION', 'Piece', 6, 180.00, 'Arman', '2018-07-18 17:27:17', NULL),
(56, 89, 'A-MYCIN LOTION', 'Piece', 5, 180.00, 'Arman', '2018-07-18 17:36:12', NULL),
(57, 89, 'ORSaline-N (SMC)', 'Piece', 10, 5.00, 'Arman', '2018-07-18 17:36:12', NULL),
(58, 90, 'A-MYCIN LOTION', 'Piece', 7, 180.00, 'Md. Zohir', '2018-07-18 17:41:26', NULL),
(59, 90, 'Cod Liver Oil Capsule', 'Strip', 5, 24.00, 'Md. Zohir', '2018-07-18 17:41:26', NULL);

-- --------------------------------------------------------

--
-- Table structure for table `invoice_payments`
--

CREATE TABLE `invoice_payments` (
  `id` int(10) UNSIGNED NOT NULL,
  `invoice_id` int(10) UNSIGNED NOT NULL,
  `amount` double(8,2) NOT NULL,
  `payment_date` date DEFAULT NULL,
  `created_by` varchar(255) COLLATE utf8mb4_unicode_ci NOT NULL,
  `created_at` timestamp NULL DEFAULT NULL,
  `updated_at` timestamp NULL DEFAULT NULL
) ENGINE=InnoDB DEFAULT CHARSET=utf8mb4 COLLATE=utf8mb4_unicode_ci;

--
-- Dumping data for table `invoice_payments`
--

INSERT INTO `invoice_payments` (`id`, `invoice_id`, `amount`, `payment_date`, `created_by`, `created_at`, `updated_at`) VALUES
(1, 60, 1000.00, '2018-06-15', 'Mohammad Arman', '2018-07-01 06:01:59', NULL),
(2, 60, 600.00, '2018-06-15', 'Mohammad Arman', '2018-07-01 06:01:59', '2018-06-15 06:01:59'),
(3, 83, 500.00, '2018-07-03', 'Mohammad Arman', '2018-07-02 12:09:38', '2018-07-02 12:09:38');

-- --------------------------------------------------------

--
-- Table structure for table `migrations`
--

CREATE TABLE `migrations` (
  `id` int(10) UNSIGNED NOT NULL,
  `migration` varchar(255) COLLATE utf8mb4_unicode_ci NOT NULL,
  `batch` int(11) NOT NULL
) ENGINE=InnoDB DEFAULT CHARSET=utf8mb4 COLLATE=utf8mb4_unicode_ci;

--
-- Dumping data for table `migrations`
--

INSERT INTO `migrations` (`id`, `migration`, `batch`) VALUES
(1, '2014_10_12_000000_create_users_table', 1),
(2, '2014_10_12_100000_create_password_resets_table', 1),
(3, '2017_12_29_182438_create_roles_table', 1),
(4, '2017_12_29_182712_create_role_user_table', 1),
(5, '2017_12_29_190157_create_ecommerce_categories_table', 1),
(6, '2017_12_29_191326_create_companies_table', 1),
(7, '2017_12_29_192146_create_branches_table', 1),
(8, '2017_12_29_195632_create_suppliers_table', 1),
(9, '2017_12_29_201539_create_ecommerce_products_table', 1),
(10, '2018_01_20_050250_create_customers_table', 1),
(11, '2018_01_31_202912_create_shippings_table', 1),
(12, '2018_02_28_192257_create_branch_products_table', 1),
(13, '2018_05_12_121519_create_branch_product_distributions_table', 1),
(14, '2018_05_23_121626_create_invoices_table', 1),
(15, '2018_05_30_170916_create_invoice_items_table', 1),
(17, '2018_06_03_140056_create_invoice_payments_table', 2),
(18, '2018_06_14_200907_create_payments_table', 3),
(19, '2018_06_14_201052_create_orders_table', 4),
(20, '2018_06_14_201214_create_order_details_table', 5),
(21, '2018_07_02_064441_create_expenses_table', 6);

-- --------------------------------------------------------

--
-- Table structure for table `orders`
--

CREATE TABLE `orders` (
  `id` int(10) UNSIGNED NOT NULL,
  `customer_id` int(10) UNSIGNED NOT NULL,
  `shipping_id` int(10) UNSIGNED NOT NULL,
  `payment_id` int(10) UNSIGNED NOT NULL,
  `order_total` double(8,2) NOT NULL,
  `order_status` varchar(50) COLLATE utf8mb4_unicode_ci NOT NULL,
  `view_status` enum('0','1') COLLATE utf8mb4_unicode_ci NOT NULL DEFAULT '0',
  `prescription_image` varchar(255) COLLATE utf8mb4_unicode_ci DEFAULT NULL,
  `created_at` datetime NOT NULL,
  `updated_at` timestamp NULL DEFAULT NULL
) ENGINE=InnoDB DEFAULT CHARSET=utf8mb4 COLLATE=utf8mb4_unicode_ci;

--
-- Dumping data for table `orders`
--

INSERT INTO `orders` (`id`, `customer_id`, `shipping_id`, `payment_id`, `order_total`, `order_status`, `view_status`, `prescription_image`, `created_at`, `updated_at`) VALUES
(2, 1, 2, 2, 1447.80, 'done', '0', NULL, '2018-07-04 00:30:55', '2018-07-03 15:10:42'),
(3, 1, 3, 3, 4050.00, 'done', '0', NULL, '2018-07-04 01:33:15', '2018-07-03 15:10:36'),
(4, 6, 4, 4, 170.00, 'done', '0', NULL, '2018-07-04 10:12:05', '2018-07-05 09:42:45'),
(5, 1, 5, 5, 28362.50, 'done', '0', NULL, '2018-07-05 21:37:44', '2018-07-05 09:42:58'),
(7, 7, 7, 7, 1026.00, 'done', '0', NULL, '2018-07-19 17:44:53', '2018-07-19 13:23:53'),
(8, 7, 8, 8, 1521.00, 'pending', '0', '16e46ad4b33.jpg', '2018-07-19 17:49:26', '2018-07-19 17:49:26'),
(9, 1, 9, 9, 357.60, 'pending', '0', '1e8a36a65ac.jpg', '2018-07-20 11:25:13', '2018-07-20 11:25:13'),
(10, 1, 10, 10, 430.00, 'pending', '0', NULL, '2018-07-23 21:20:50', '2018-07-23 21:20:50'),
(11, 1, 11, 11, 1720.00, 'pending', '0', NULL, '2018-07-30 19:50:07', '2018-07-30 19:50:07');

-- --------------------------------------------------------

--
-- Table structure for table `order_details`
--

CREATE TABLE `order_details` (
  `id` int(10) UNSIGNED NOT NULL,
  `order_id` int(10) UNSIGNED NOT NULL,
  `product_id` int(10) UNSIGNED NOT NULL,
  `product_name` varchar(255) COLLATE utf8mb4_unicode_ci NOT NULL,
  `product_price` double(8,2) NOT NULL,
  `product_sales_qty` int(11) NOT NULL,
  `created_at` timestamp NOT NULL DEFAULT current_timestamp() ON UPDATE current_timestamp(),
  `updated_at` timestamp NULL DEFAULT NULL
) ENGINE=InnoDB DEFAULT CHARSET=utf8mb4 COLLATE=utf8mb4_unicode_ci;

--
-- Dumping data for table `order_details`
--

INSERT INTO `order_details` (`id`, `order_id`, `product_id`, `product_name`, `product_price`, `product_sales_qty`, `created_at`, `updated_at`) VALUES
(1, 2, 3, 'A-MYCIN TABLETS', 7.60, 3, '2018-07-03 18:30:55', NULL),
(2, 2, 5, 'GM 100', 1395.00, 1, '2018-07-03 18:30:55', NULL),
(3, 3, 14, 'BSN® AMINO X ENDURANCE AND RECOVERY AGENT', 4000.00, 1, '2018-07-03 19:33:15', NULL),
(4, 4, 30, 'Senora Regular (panty system) 15pcs.', 120.00, 1, '2018-07-04 04:12:05', NULL),
(5, 5, 35, 'Lactokid-3 Tin 1800g.-Lactogen 3', 2422.50, 5, '2018-07-05 15:37:44', NULL),
(6, 5, 17, 'NEOCEL: BEAUTY INFUSION - TANGERINE TWIST', 4000.00, 3, '2018-07-05 15:37:44', NULL),
(7, 5, 8, 'ONE TOUCH SELECT SIMPLE DEVICE', 1050.00, 4, '2018-07-05 15:37:44', NULL),
(10, 7, 21, 'Carmina syrup', 130.00, 1, '2018-07-19 11:44:53', NULL),
(11, 7, 9, 'ACCU-CHEK SOFTCLIX LANCETS', 846.00, 1, '2018-07-19 11:44:53', NULL),
(12, 8, 3, 'A-MYCIN TABLETS', 7.60, 10, '2018-07-19 11:49:26', NULL),
(13, 8, 5, 'GM 100', 1395.00, 1, '2018-07-19 11:49:26', NULL),
(14, 9, 2, 'A-MYCIN LOTION', 60.00, 5, '2018-07-20 05:25:13', NULL),
(15, 9, 3, 'A-MYCIN TABLETS', 7.60, 1, '2018-07-20 05:25:13', NULL),
(16, 10, 33, 'Johnson’s Baby Gentle Cleansing', 190.00, 2, '2018-07-23 15:20:50', NULL),
(17, 11, 29, 'Whisper Maxi Night 15 pcs. (XL)', 250.00, 1, '2018-07-30 13:50:07', NULL),
(18, 11, 36, 'Nido 1 Plus 900gr', 1420.00, 1, '2018-07-30 13:50:07', NULL);

-- --------------------------------------------------------

--
-- Table structure for table `password_resets`
--

CREATE TABLE `password_resets` (
  `email` varchar(100) COLLATE utf8mb4_unicode_ci NOT NULL,
  `token` varchar(100) COLLATE utf8mb4_unicode_ci NOT NULL,
  `created_at` timestamp NULL DEFAULT NULL
) ENGINE=InnoDB DEFAULT CHARSET=utf8mb4 COLLATE=utf8mb4_unicode_ci;

--
-- Dumping data for table `password_resets`
--

INSERT INTO `password_resets` (`email`, `token`, `created_at`) VALUES
('mohammadarman.iiuc.cse@gmail.com', '$2y$10$.7IaIY1clKPOHEREL4a5yONkqkWsPjCxZ4UG4bTcq9Q63So57peZG', '2018-06-13 10:12:24');

-- --------------------------------------------------------

--
-- Table structure for table `payments`
--

CREATE TABLE `payments` (
  `id` int(10) UNSIGNED NOT NULL,
  `payment_type` varchar(255) COLLATE utf8mb4_unicode_ci NOT NULL,
  `payment_status` varchar(255) COLLATE utf8mb4_unicode_ci NOT NULL,
  `payment_date` date DEFAULT NULL,
  `created_at` timestamp NOT NULL DEFAULT current_timestamp() ON UPDATE current_timestamp(),
  `updated_at` timestamp NULL DEFAULT NULL
) ENGINE=InnoDB DEFAULT CHARSET=utf8mb4 COLLATE=utf8mb4_unicode_ci;

--
-- Dumping data for table `payments`
--

INSERT INTO `payments` (`id`, `payment_type`, `payment_status`, `payment_date`, `created_at`, `updated_at`) VALUES
(2, 'Stripe', 'done', '2018-07-03', '2018-07-03 18:35:43', '2018-07-03 12:35:43'),
(3, 'Stripe', 'done', '2018-07-03', '2018-07-03 19:33:45', '2018-07-03 13:33:45'),
(4, 'Stripe', 'done', '2018-07-04', '2018-07-04 04:12:44', '2018-07-03 22:12:44'),
(5, 'Stripe', 'done', '2018-07-05', '2018-07-05 15:38:12', '2018-07-05 09:38:12'),
(7, 'Stripe', 'done', '2018-07-19', '2018-07-19 11:45:13', '2018-07-19 11:45:13'),
(8, 'Stripe', 'done', '2018-07-19', '2018-07-19 11:49:37', '2018-07-19 11:49:37'),
(9, 'Stripe', 'done', '2018-07-20', '2018-07-20 05:25:34', '2018-07-20 05:25:34'),
(10, 'Stripe', 'pending', NULL, '2018-07-23 15:20:49', '2018-07-23 15:20:49'),
(11, 'Stripe', 'done', '2018-07-30', '2018-07-30 13:50:37', '2018-07-30 13:50:37');

-- --------------------------------------------------------

--
-- Table structure for table `roles`
--

CREATE TABLE `roles` (
  `id` int(10) UNSIGNED NOT NULL,
  `role_name` varchar(255) COLLATE utf8mb4_unicode_ci NOT NULL,
  `description` varchar(255) COLLATE utf8mb4_unicode_ci NOT NULL,
  `created_at` timestamp NULL DEFAULT NULL,
  `updated_at` timestamp NULL DEFAULT NULL
) ENGINE=InnoDB DEFAULT CHARSET=utf8mb4 COLLATE=utf8mb4_unicode_ci;

--
-- Dumping data for table `roles`
--

INSERT INTO `roles` (`id`, `role_name`, `description`, `created_at`, `updated_at`) VALUES
(1, 'Admin', 'A Admin User', '2018-01-21 07:02:25', '2018-01-21 07:02:25'),
(2, 'Sub-Admin', 'A Sub Admin User', '2018-01-21 07:02:25', '2018-01-21 07:02:25'),
(3, 'Manager', 'A Manager User', '2018-01-21 07:02:25', '2018-01-21 07:02:25'),
(4, 'Employee', 'A Employee User', '2018-01-21 07:02:26', '2018-01-21 07:02:26');

-- --------------------------------------------------------

--
-- Table structure for table `role_user`
--

CREATE TABLE `role_user` (
  `id` int(10) UNSIGNED NOT NULL,
  `role_id` int(10) UNSIGNED NOT NULL,
  `user_id` int(10) UNSIGNED NOT NULL,
  `branch_id` int(11) NOT NULL
) ENGINE=InnoDB DEFAULT CHARSET=utf8mb4 COLLATE=utf8mb4_unicode_ci;

--
-- Dumping data for table `role_user`
--

INSERT INTO `role_user` (`id`, `role_id`, `user_id`, `branch_id`) VALUES
(1, 1, 1, 1),
(2, 2, 2, 1),
(3, 1, 3, 1),
(4, 4, 4, 3),
(5, 4, 5, 2);

-- --------------------------------------------------------

--
-- Table structure for table `shippings`
--

CREATE TABLE `shippings` (
  `id` int(10) UNSIGNED NOT NULL,
  `customer_id` int(11) NOT NULL,
  `name` varchar(255) COLLATE utf8mb4_unicode_ci NOT NULL,
  `email` varchar(255) COLLATE utf8mb4_unicode_ci NOT NULL,
  `company_name` varchar(255) COLLATE utf8mb4_unicode_ci DEFAULT NULL,
  `phone_num_one` varchar(255) COLLATE utf8mb4_unicode_ci NOT NULL,
  `phone_num_two` varchar(255) COLLATE utf8mb4_unicode_ci DEFAULT NULL,
  `address` text COLLATE utf8mb4_unicode_ci NOT NULL,
  `address_two` text COLLATE utf8mb4_unicode_ci DEFAULT NULL,
  `additional_information` text COLLATE utf8mb4_unicode_ci DEFAULT NULL,
  `created_at` timestamp NULL DEFAULT NULL,
  `updated_at` timestamp NULL DEFAULT NULL
) ENGINE=InnoDB DEFAULT CHARSET=utf8mb4 COLLATE=utf8mb4_unicode_ci;

--
-- Dumping data for table `shippings`
--

INSERT INTO `shippings` (`id`, `customer_id`, `name`, `email`, `company_name`, `phone_num_one`, `phone_num_two`, `address`, `address_two`, `additional_information`, `created_at`, `updated_at`) VALUES
(2, 1, 'Mohammad Arman', 'mohammadarman456789@gmail.com', NULL, '01680950265', NULL, '2102/B Ayesha Manson, Panwala Para, Chittagong.', '2102/B Ayesha Manson, Panwala Para, Chittagong.', NULL, '2018-07-03 12:30:49', NULL),
(3, 1, 'Mohammad Arman', 'mohammadarman456789@gmail.com', NULL, '01680950265', NULL, '2102/B Ayesha Manson, Panwala Para, Chittagong.', '2102/B Ayesha Manson, Panwala Para, Chittagong.', NULL, '2018-07-03 13:33:06', NULL),
(4, 6, 'Mr. Rafique', 'rafique@gmail.com', NULL, '01680950265', NULL, '2102/B Ayesha Manson, Panwala Para, Chittagong.', '2102/B Ayesha Manson, Panwala Para, Chittagong.', NULL, '2018-07-03 22:12:00', NULL),
(5, 1, 'Mohammad Arman', 'mohammadarman456789@gmail.com', NULL, '01680950265', NULL, '2102/B Ayesha Manson, Panwala Para, Chittagong.', '2102/B Ayesha Manson, Panwala Para, Chittagong.', NULL, '2018-07-05 09:37:35', NULL),
(7, 7, 'Rafiqul Islam', 'rafiqul@gmail.com', NULL, '01832282753', NULL, 'Badurtala jame masjid, Bahaddarhat, Ctg', 'Badurtala jame masjid, Bahaddarhat, Ctg', NULL, '2018-07-19 11:39:46', NULL),
(8, 7, 'Rafiqul Islam', 'rafiqul@gmail.com', NULL, '01832282753', NULL, 'Badurtala Jame Masjid, Bahaddarhat, Ctg', 'Badurtala Jame Masjid, Bahaddarhat, Ctg', NULL, '2018-07-19 11:48:51', NULL),
(9, 1, 'Mohammad Arman', 'mohammadarman456789@gmail.com', NULL, '01680950265', NULL, '2102/B Ayesha Manson, Panwala Para, Chittagong.', '2102/B Ayesha Manson, Panwala Para, Chittagong.', NULL, '2018-07-20 05:24:33', NULL),
(10, 1, 'Md Arman', 'hajizakirmizan@gmail.com', NULL, '01521225987', NULL, '25 Sheikh Mujib Road, Agrabad Commerical Area', '25 Sheikh Mujib Road, Agrabad Commerical Area', NULL, '2018-07-23 15:20:42', NULL),
(11, 1, 'Mohammad Arman', 'mohammadarman456789@gmail.com', NULL, '01680950265', NULL, '2102/B Ayesha Manson, Panwala Para, Chittagong.', '2102/B Ayesha Manson, Panwala Para, Chittagong.', NULL, '2018-07-30 13:49:59', NULL);

-- --------------------------------------------------------

--
-- Table structure for table `suppliers`
--

CREATE TABLE `suppliers` (
  `id` int(10) UNSIGNED NOT NULL,
  `supplier_name` varchar(255) COLLATE utf8mb4_unicode_ci NOT NULL,
  `email` varchar(255) COLLATE utf8mb4_unicode_ci DEFAULT NULL,
  `contact_number` varchar(255) COLLATE utf8mb4_unicode_ci NOT NULL,
  `address` varchar(255) COLLATE utf8mb4_unicode_ci NOT NULL,
  `company_id` int(10) UNSIGNED NOT NULL,
  `branch_id` int(10) UNSIGNED NOT NULL DEFAULT 1,
  `created_by` varchar(255) COLLATE utf8mb4_unicode_ci NOT NULL,
  `created_at` timestamp NULL DEFAULT NULL,
  `updated_at` timestamp NULL DEFAULT NULL
) ENGINE=InnoDB DEFAULT CHARSET=utf8mb4 COLLATE=utf8mb4_unicode_ci;

--
-- Dumping data for table `suppliers`
--

INSERT INTO `suppliers` (`id`, `supplier_name`, `email`, `contact_number`, `address`, `company_id`, `branch_id`, `created_by`, `created_at`, `updated_at`) VALUES
(1, 'Md. Rezaul', 'rezaulhasan@gmail.com', '01670361038', '<p>Agrabad, Ctg.</p>', 1, 1, 'Mohammad Arman', '2018-01-21 07:40:32', '2018-01-21 07:40:32'),
(2, 'Arman', 'mohammadarman456789@gmail.com', '1680950265', '<p>Panwala Para, Ctg.</p>', 2, 1, 'Mohammad Arman', '2018-01-21 07:41:03', '2018-01-21 07:41:03'),
(3, 'Rifat Hasan', 'rifathasan@gmail.com', '01522356988', '<p>Agrabad, Ctg</p>', 3, 1, 'Mohammad Arman', '2018-01-21 07:41:46', '2018-01-21 07:41:46'),
(4, 'Imran', 'imran@gmail.com', '01865987452', '<p>Bepari Para, Ctg.</p>', 4, 2, 'Mohammad Arman', '2018-01-24 06:36:37', '2018-01-24 06:36:37'),
(6, 'Md. Shakawat', 'shakawat@gmail.com', '01521245897', '<p>Agrabad, Ctg.</p>', 6, 1, 'Mohammad Arman', '2018-06-11 11:25:04', '2018-06-11 11:25:04');

-- --------------------------------------------------------

--
-- Table structure for table `users`
--

CREATE TABLE `users` (
  `id` int(10) UNSIGNED NOT NULL,
  `name` varchar(255) COLLATE utf8mb4_unicode_ci NOT NULL,
  `email` varchar(100) COLLATE utf8mb4_unicode_ci NOT NULL,
  `password` varchar(255) COLLATE utf8mb4_unicode_ci NOT NULL,
  `image` varchar(255) COLLATE utf8mb4_unicode_ci DEFAULT NULL,
  `remember_token` varchar(100) COLLATE utf8mb4_unicode_ci DEFAULT NULL,
  `created_at` timestamp NULL DEFAULT NULL,
  `updated_at` timestamp NULL DEFAULT NULL
) ENGINE=InnoDB DEFAULT CHARSET=utf8mb4 COLLATE=utf8mb4_unicode_ci;

--
-- Dumping data for table `users`
--

INSERT INTO `users` (`id`, `name`, `email`, `password`, `image`, `remember_token`, `created_at`, `updated_at`) VALUES
(1, 'Mohammad Arman', 'mohammadarman.iiuc.cse@gmail.com', '$2y$10$I2vHN/GU7OhZ0J4kRT34o.2oYOjTHNTs6vBa1SCHkCMomMFERRcY.', 'Mohammad-Arman561d9d46ad4.png', 'poIPzesGNltPeqOFULgzmVyPDcXNywEBDJFZJVNEvIlmIb9Rsb2mrhjPd1RS', '2018-01-21 07:02:26', '2018-06-11 09:42:08'),
(2, 'Md. Rifat Hasan', 'rifathasan@gmail.com', '$2y$10$m1sbzIKigZK7WCkMd3GsleLUmM2FLMW4hcLfD/Nj3vDZQcrQjW.wi', 'Screenshot_23dc5f0fad70.png', '3WVaC3f6Q4nelVymOlZLC6fMkffgcOs4DxxqQa5P', '2018-01-21 07:02:26', '2018-06-12 06:17:27'),
(3, 'Md. Arman', 'ctgpharma@gmail.com', '$2y$10$5CmSEFajNS6KDZaSg5eRg.lUQJO69OM5rF.B4l1p5njhMIRReX2Xu', NULL, 'QvgKyDmk2h2Ce9kGoRJIorDFplvl1PfzqIryndGyivKOBFgDgsJ4kW2gmQ8s', '2018-01-21 07:02:27', '2018-01-21 07:02:27'),
(4, 'Arman', 'mohammadarman456789@gmail.com', '$2y$10$M9UlJBxWrt0OD0gMbY0WMO8GzCYvXskhT.YzR0GQi1IMKqIKA6aYu', NULL, 'Wx5ETy4TmAcY9ClUzztlpazAMsHMasgDtFqPwKdfOC6VACvMruRTfuGIAGo2', '2018-01-21 07:02:27', '2018-01-21 07:02:27'),
(5, 'Md. Zohir', 'zohir@gmail.com', '$2y$10$DSIe.J8qmdCFxnk3Hj/2S.aHeQyzjpqcIBxcnT3sy16pHalGQ6QWe', NULL, 'aXhfsiM6WNvA8FWycAeo9UnLnyUgJadiIvGngAc41it52rpjCazeLK2gkfCi', '2018-06-14 17:25:10', '2018-06-14 17:25:10');

--
-- Indexes for dumped tables
--

--
-- Indexes for table `branches`
--
ALTER TABLE `branches`
  ADD PRIMARY KEY (`id`),
  ADD UNIQUE KEY `branches_branch_name_unique` (`branch_name`);

--
-- Indexes for table `branch_products`
--
ALTER TABLE `branch_products`
  ADD PRIMARY KEY (`id`),
  ADD UNIQUE KEY `branch_products_product_name_unique` (`product_name`),
  ADD KEY `branch_products_supplier_id_foreign` (`supplier_id`);

--
-- Indexes for table `branch_product_distributions`
--
ALTER TABLE `branch_product_distributions`
  ADD PRIMARY KEY (`id`),
  ADD KEY `branch_product_distributions_branch_id_foreign` (`branch_id`);

--
-- Indexes for table `companies`
--
ALTER TABLE `companies`
  ADD PRIMARY KEY (`id`),
  ADD UNIQUE KEY `companies_company_name_unique` (`company_name`);

--
-- Indexes for table `customers`
--
ALTER TABLE `customers`
  ADD PRIMARY KEY (`id`),
  ADD UNIQUE KEY `customers_email_unique` (`email`);

--
-- Indexes for table `ecommerce_categories`
--
ALTER TABLE `ecommerce_categories`
  ADD PRIMARY KEY (`id`),
  ADD UNIQUE KEY `ecommerce_categories_category_name_unique` (`category_name`);

--
-- Indexes for table `ecommerce_products`
--
ALTER TABLE `ecommerce_products`
  ADD PRIMARY KEY (`id`),
  ADD UNIQUE KEY `ecommerce_products_product_name_unique` (`product_name`),
  ADD KEY `ecommerce_products_category_id_foreign` (`category_id`),
  ADD KEY `ecommerce_products_supplier_id_foreign` (`supplier_id`);

--
-- Indexes for table `expenses`
--
ALTER TABLE `expenses`
  ADD PRIMARY KEY (`id`),
  ADD KEY `expenses_branch_id_foreign` (`branch_id`);

--
-- Indexes for table `invoices`
--
ALTER TABLE `invoices`
  ADD PRIMARY KEY (`id`),
  ADD UNIQUE KEY `invoices_invoice_number_unique` (`invoice_number`),
  ADD KEY `invoices_supplier_id_foreign` (`supplier_id`);

--
-- Indexes for table `invoice_items`
--
ALTER TABLE `invoice_items`
  ADD PRIMARY KEY (`id`),
  ADD KEY `invoice_items_invoice_id_foreign` (`invoice_id`);

--
-- Indexes for table `invoice_payments`
--
ALTER TABLE `invoice_payments`
  ADD PRIMARY KEY (`id`),
  ADD KEY `invoice_payments_invoice_id_foreign` (`invoice_id`);

--
-- Indexes for table `migrations`
--
ALTER TABLE `migrations`
  ADD PRIMARY KEY (`id`);

--
-- Indexes for table `orders`
--
ALTER TABLE `orders`
  ADD PRIMARY KEY (`id`),
  ADD KEY `orders_customer_id_foreign` (`customer_id`),
  ADD KEY `orders_shipping_id_foreign` (`shipping_id`),
  ADD KEY `orders_payment_id_foreign` (`payment_id`);

--
-- Indexes for table `order_details`
--
ALTER TABLE `order_details`
  ADD PRIMARY KEY (`id`),
  ADD KEY `order_details_order_id_foreign` (`order_id`),
  ADD KEY `order_details_product_id_foreign` (`product_id`);

--
-- Indexes for table `password_resets`
--
ALTER TABLE `password_resets`
  ADD KEY `password_resets_email_index` (`email`);

--
-- Indexes for table `payments`
--
ALTER TABLE `payments`
  ADD PRIMARY KEY (`id`);

--
-- Indexes for table `roles`
--
ALTER TABLE `roles`
  ADD PRIMARY KEY (`id`);

--
-- Indexes for table `role_user`
--
ALTER TABLE `role_user`
  ADD PRIMARY KEY (`id`);

--
-- Indexes for table `shippings`
--
ALTER TABLE `shippings`
  ADD PRIMARY KEY (`id`);

--
-- Indexes for table `suppliers`
--
ALTER TABLE `suppliers`
  ADD PRIMARY KEY (`id`),
  ADD KEY `suppliers_company_id_foreign` (`company_id`),
  ADD KEY `suppliers_branch_id_foreign` (`branch_id`);

--
-- Indexes for table `users`
--
ALTER TABLE `users`
  ADD PRIMARY KEY (`id`),
  ADD UNIQUE KEY `users_email_unique` (`email`);

--
-- AUTO_INCREMENT for dumped tables
--

--
-- AUTO_INCREMENT for table `branches`
--
ALTER TABLE `branches`
  MODIFY `id` int(10) UNSIGNED NOT NULL AUTO_INCREMENT, AUTO_INCREMENT=6;

--
-- AUTO_INCREMENT for table `branch_products`
--
ALTER TABLE `branch_products`
  MODIFY `id` int(10) UNSIGNED NOT NULL AUTO_INCREMENT, AUTO_INCREMENT=7;

--
-- AUTO_INCREMENT for table `branch_product_distributions`
--
ALTER TABLE `branch_product_distributions`
  MODIFY `id` int(10) UNSIGNED NOT NULL AUTO_INCREMENT, AUTO_INCREMENT=13;

--
-- AUTO_INCREMENT for table `companies`
--
ALTER TABLE `companies`
  MODIFY `id` int(10) UNSIGNED NOT NULL AUTO_INCREMENT, AUTO_INCREMENT=7;

--
-- AUTO_INCREMENT for table `customers`
--
ALTER TABLE `customers`
  MODIFY `id` int(10) UNSIGNED NOT NULL AUTO_INCREMENT, AUTO_INCREMENT=8;

--
-- AUTO_INCREMENT for table `ecommerce_categories`
--
ALTER TABLE `ecommerce_categories`
  MODIFY `id` int(10) UNSIGNED NOT NULL AUTO_INCREMENT, AUTO_INCREMENT=9;

--
-- AUTO_INCREMENT for table `ecommerce_products`
--
ALTER TABLE `ecommerce_products`
  MODIFY `id` int(10) UNSIGNED NOT NULL AUTO_INCREMENT, AUTO_INCREMENT=44;

--
-- AUTO_INCREMENT for table `expenses`
--
ALTER TABLE `expenses`
  MODIFY `id` int(10) UNSIGNED NOT NULL AUTO_INCREMENT, AUTO_INCREMENT=8;

--
-- AUTO_INCREMENT for table `invoices`
--
ALTER TABLE `invoices`
  MODIFY `id` int(10) UNSIGNED NOT NULL AUTO_INCREMENT, AUTO_INCREMENT=91;

--
-- AUTO_INCREMENT for table `invoice_items`
--
ALTER TABLE `invoice_items`
  MODIFY `id` int(10) UNSIGNED NOT NULL AUTO_INCREMENT, AUTO_INCREMENT=60;

--
-- AUTO_INCREMENT for table `invoice_payments`
--
ALTER TABLE `invoice_payments`
  MODIFY `id` int(10) UNSIGNED NOT NULL AUTO_INCREMENT, AUTO_INCREMENT=4;

--
-- AUTO_INCREMENT for table `migrations`
--
ALTER TABLE `migrations`
  MODIFY `id` int(10) UNSIGNED NOT NULL AUTO_INCREMENT, AUTO_INCREMENT=22;

--
-- AUTO_INCREMENT for table `orders`
--
ALTER TABLE `orders`
  MODIFY `id` int(10) UNSIGNED NOT NULL AUTO_INCREMENT, AUTO_INCREMENT=12;

--
-- AUTO_INCREMENT for table `order_details`
--
ALTER TABLE `order_details`
  MODIFY `id` int(10) UNSIGNED NOT NULL AUTO_INCREMENT, AUTO_INCREMENT=19;

--
-- AUTO_INCREMENT for table `payments`
--
ALTER TABLE `payments`
  MODIFY `id` int(10) UNSIGNED NOT NULL AUTO_INCREMENT, AUTO_INCREMENT=12;

--
-- AUTO_INCREMENT for table `roles`
--
ALTER TABLE `roles`
  MODIFY `id` int(10) UNSIGNED NOT NULL AUTO_INCREMENT, AUTO_INCREMENT=5;

--
-- AUTO_INCREMENT for table `role_user`
--
ALTER TABLE `role_user`
  MODIFY `id` int(10) UNSIGNED NOT NULL AUTO_INCREMENT, AUTO_INCREMENT=6;

--
-- AUTO_INCREMENT for table `shippings`
--
ALTER TABLE `shippings`
  MODIFY `id` int(10) UNSIGNED NOT NULL AUTO_INCREMENT, AUTO_INCREMENT=12;

--
-- AUTO_INCREMENT for table `suppliers`
--
ALTER TABLE `suppliers`
  MODIFY `id` int(10) UNSIGNED NOT NULL AUTO_INCREMENT, AUTO_INCREMENT=7;

--
-- AUTO_INCREMENT for table `users`
--
ALTER TABLE `users`
  MODIFY `id` int(10) UNSIGNED NOT NULL AUTO_INCREMENT, AUTO_INCREMENT=6;

--
-- Constraints for dumped tables
--

--
-- Constraints for table `branch_products`
--
ALTER TABLE `branch_products`
  ADD CONSTRAINT `branch_products_supplier_id_foreign` FOREIGN KEY (`supplier_id`) REFERENCES `suppliers` (`id`);

--
-- Constraints for table `branch_product_distributions`
--
ALTER TABLE `branch_product_distributions`
  ADD CONSTRAINT `branch_product_distributions_branch_id_foreign` FOREIGN KEY (`branch_id`) REFERENCES `branches` (`id`);

--
-- Constraints for table `ecommerce_products`
--
ALTER TABLE `ecommerce_products`
  ADD CONSTRAINT `ecommerce_products_category_id_foreign` FOREIGN KEY (`category_id`) REFERENCES `ecommerce_categories` (`id`),
  ADD CONSTRAINT `ecommerce_products_supplier_id_foreign` FOREIGN KEY (`supplier_id`) REFERENCES `suppliers` (`id`);

--
-- Constraints for table `expenses`
--
ALTER TABLE `expenses`
  ADD CONSTRAINT `expenses_branch_id_foreign` FOREIGN KEY (`branch_id`) REFERENCES `branches` (`id`);

--
-- Constraints for table `invoices`
--
ALTER TABLE `invoices`
  ADD CONSTRAINT `invoices_supplier_id_foreign` FOREIGN KEY (`supplier_id`) REFERENCES `suppliers` (`id`);

--
-- Constraints for table `invoice_items`
--
ALTER TABLE `invoice_items`
  ADD CONSTRAINT `invoice_items_invoice_id_foreign` FOREIGN KEY (`invoice_id`) REFERENCES `invoices` (`id`);

--
-- Constraints for table `invoice_payments`
--
ALTER TABLE `invoice_payments`
  ADD CONSTRAINT `invoice_payments_invoice_id_foreign` FOREIGN KEY (`invoice_id`) REFERENCES `invoices` (`id`);

--
-- Constraints for table `orders`
--
ALTER TABLE `orders`
  ADD CONSTRAINT `orders_customer_id_foreign` FOREIGN KEY (`customer_id`) REFERENCES `customers` (`id`),
  ADD CONSTRAINT `orders_payment_id_foreign` FOREIGN KEY (`payment_id`) REFERENCES `payments` (`id`),
  ADD CONSTRAINT `orders_shipping_id_foreign` FOREIGN KEY (`shipping_id`) REFERENCES `shippings` (`id`);

--
-- Constraints for table `order_details`
--
ALTER TABLE `order_details`
  ADD CONSTRAINT `order_details_order_id_foreign` FOREIGN KEY (`order_id`) REFERENCES `orders` (`id`),
  ADD CONSTRAINT `order_details_product_id_foreign` FOREIGN KEY (`product_id`) REFERENCES `ecommerce_products` (`id`);

--
-- Constraints for table `suppliers`
--
ALTER TABLE `suppliers`
  ADD CONSTRAINT `suppliers_branch_id_foreign` FOREIGN KEY (`branch_id`) REFERENCES `branches` (`id`),
  ADD CONSTRAINT `suppliers_company_id_foreign` FOREIGN KEY (`company_id`) REFERENCES `companies` (`id`);
COMMIT;

/*!40101 SET CHARACTER_SET_CLIENT=@OLD_CHARACTER_SET_CLIENT */;
/*!40101 SET CHARACTER_SET_RESULTS=@OLD_CHARACTER_SET_RESULTS */;
/*!40101 SET COLLATION_CONNECTION=@OLD_COLLATION_CONNECTION */;
